<?xml version="1.0"?>
<testResults>
  <FitNesseVersion>v20110104</FitNesseVersion>
  <rootPath>MyTestCase2</rootPath>
    <result>
    <counts>
      <right>0</right>
      <wrong>0</wrong>
      <ignores>0</ignores>
      <exceptions>29</exceptions>
    </counts>
    <runTimeInMillis>3</runTimeInMillis>
    <content><![CDATA[<div class="collapse_rim">
	<div style="float: right;" class="meta">
		<a href="javascript:expandAll();">Expand All</a>
 | 
		<a href="javascript:collapseAll();">Collapse All</a>
	</div>
	<a href="javascript:toggleCollapsable('5');">
		<img src="/files/images/collapsableClosed.gif" class="left" id="img5"/>
	</a>
&nbsp;
	<span class="meta">Precompiled Libraries</span>
	<div class="hidden" id="5"><br/></div>
</div>
<span class="meta">variable defined: TEST_SYSTEM=slim</span>
<br/> <br/><span class="meta">classpath: C:\TestDrivenDevelopment\DemoFitNesse</span><br/><br/><table border="1" cellspacing="0" _TABLENUMBER=1903867675772575744>
	<tr>
		<td colspan="3">Division <span class="error">Could not invoke constructor for Division[0]</span></td>
	</tr>
	<tr>
		<td>numerator</td>
		<td>denominator</td>
		<td>quotient?</td>
	</tr>
	<tr>
		<td>10 <span class="error">The instance decisionTable_0. does not exist</span></td>
		<td>2 <span class="error">The instance decisionTable_0. does not exist</span></td>
		<td>5.0 <span class="error">The instance decisionTable_0. does not exist</span></td>
	</tr>
	<tr>
		<td>12.6 <span class="error">The instance decisionTable_0. does not exist</span></td>
		<td>3 <span class="error">The instance decisionTable_0. does not exist</span></td>
		<td>4.2 <span class="error">The instance decisionTable_0. does not exist</span></td>
	</tr>
	<tr>
		<td>100 <span class="error">The instance decisionTable_0. does not exist</span></td>
		<td>4 <span class="error">The instance decisionTable_0. does not exist</span></td>
		<td>25.0 <span class="error">The instance decisionTable_0. does not exist</span></td>
	</tr>
</table>
]]></content>
    <relativePageName>MyTestCase2</relativePageName>
    
        <tables>
            <table>
        <name>decisionTable_0</name>
                <row>
                    <col><![CDATA[Division error(Could not invoke constructor for Division[0])]]></col>
          
        </row>
                <row>
                    <col><![CDATA[numerator]]></col>
                    <col><![CDATA[denominator]]></col>
                    <col><![CDATA[quotient?]]></col>
          
        </row>
                <row>
                    <col><![CDATA[10 error(The instance decisionTable_0. does not exist)]]></col>
                    <col><![CDATA[2 error(The instance decisionTable_0. does not exist)]]></col>
                    <col><![CDATA[5.0 error(The instance decisionTable_0. does not exist)]]></col>
          
        </row>
                <row>
                    <col><![CDATA[12.6 error(The instance decisionTable_0. does not exist)]]></col>
                    <col><![CDATA[3 error(The instance decisionTable_0. does not exist)]]></col>
                    <col><![CDATA[4.2 error(The instance decisionTable_0. does not exist)]]></col>
          
        </row>
                <row>
                    <col><![CDATA[100 error(The instance decisionTable_0. does not exist)]]></col>
                    <col><![CDATA[4 error(The instance decisionTable_0. does not exist)]]></col>
                    <col><![CDATA[25.0 error(The instance decisionTable_0. does not exist)]]></col>
          
        </row>
        
      </table>
      
    </tables>
    
    
    <instructions>
            <instructionResult>
        <instruction><![CDATA[[decisionTable_0_0, make, decisionTable_0, Division]]]></instruction>
        <slimResult><![CDATA[!error:Could not invoke constructor for Division[0]]]></slimResult>
                <expectation>
          <status>ignored</status>
          <instructionId>decisionTable_0_0</instructionId>
          <col>0</col>
          <row>0</row>
          <type>ConstructionExpectation</type>
                    <actual><![CDATA[!error:Could not invoke constructor for Division[0]]]></actual>
                              <expected><![CDATA[Division]]></expected>
                              <evaluationMessage><![CDATA[Division error(Could not invoke constructor for Division[0])]]></evaluationMessage>
                  </expectation>
        
      </instructionResult>
            <instructionResult>
        <instruction><![CDATA[[decisionTable_0_1, call, decisionTable_0, table, [[numerator, denominator, quotient?], [10, 2, 5.0], [12.6, 3, 4.2], [100, 4, 25.0]]]]]></instruction>
        <slimResult><![CDATA[!error:The instance decisionTable_0. does not exist]]></slimResult>
        
      </instructionResult>
            <instructionResult>
        <instruction><![CDATA[[decisionTable_0_2, call, decisionTable_0, beginTable]]]></instruction>
        <slimResult><![CDATA[!error:The instance decisionTable_0. does not exist]]></slimResult>
        
      </instructionResult>
            <instructionResult>
        <instruction><![CDATA[[decisionTable_0_3, call, decisionTable_0, reset]]]></instruction>
        <slimResult><![CDATA[!error:The instance decisionTable_0. does not exist]]></slimResult>
        
      </instructionResult>
            <instructionResult>
        <instruction><![CDATA[[decisionTable_0_4, call, decisionTable_0, setNumerator, 10]]]></instruction>
        <slimResult><![CDATA[!error:The instance decisionTable_0. does not exist]]></slimResult>
                <expectation>
          <status>ignored</status>
          <instructionId>decisionTable_0_4</instructionId>
          <col>0</col>
          <row>2</row>
          <type>VoidReturnExpectation</type>
                    <actual><![CDATA[!error:The instance decisionTable_0. does not exist]]></actual>
                              <expected><![CDATA[10]]></expected>
                              <evaluationMessage><![CDATA[10 error(The instance decisionTable_0. does not exist)]]></evaluationMessage>
                  </expectation>
        
      </instructionResult>
            <instructionResult>
        <instruction><![CDATA[[decisionTable_0_5, call, decisionTable_0, setDenominator, 2]]]></instruction>
        <slimResult><![CDATA[!error:The instance decisionTable_0. does not exist]]></slimResult>
                <expectation>
          <status>ignored</status>
          <instructionId>decisionTable_0_5</instructionId>
          <col>1</col>
          <row>2</row>
          <type>VoidReturnExpectation</type>
                    <actual><![CDATA[!error:The instance decisionTable_0. does not exist]]></actual>
                              <expected><![CDATA[2]]></expected>
                              <evaluationMessage><![CDATA[2 error(The instance decisionTable_0. does not exist)]]></evaluationMessage>
                  </expectation>
        
      </instructionResult>
            <instructionResult>
        <instruction><![CDATA[[decisionTable_0_6, call, decisionTable_0, execute]]]></instruction>
        <slimResult><![CDATA[!error:The instance decisionTable_0. does not exist]]></slimResult>
        
      </instructionResult>
            <instructionResult>
        <instruction><![CDATA[[decisionTable_0_7, call, decisionTable_0, quotient]]]></instruction>
        <slimResult><![CDATA[!error:The instance decisionTable_0. does not exist]]></slimResult>
                <expectation>
          <status>ignored</status>
          <instructionId>decisionTable_0_7</instructionId>
          <col>2</col>
          <row>2</row>
          <type>ReturnedValueExpectation</type>
                    <actual><![CDATA[!error:The instance decisionTable_0. does not exist]]></actual>
                              <expected><![CDATA[5.0]]></expected>
                              <evaluationMessage><![CDATA[5.0 error(The instance decisionTable_0. does not exist)]]></evaluationMessage>
                  </expectation>
        
      </instructionResult>
            <instructionResult>
        <instruction><![CDATA[[decisionTable_0_8, call, decisionTable_0, reset]]]></instruction>
        <slimResult><![CDATA[!error:The instance decisionTable_0. does not exist]]></slimResult>
        
      </instructionResult>
            <instructionResult>
        <instruction><![CDATA[[decisionTable_0_9, call, decisionTable_0, setNumerator, 12.6]]]></instruction>
        <slimResult><![CDATA[!error:The instance decisionTable_0. does not exist]]></slimResult>
                <expectation>
          <status>ignored</status>
          <instructionId>decisionTable_0_9</instructionId>
          <col>0</col>
          <row>3</row>
          <type>VoidReturnExpectation</type>
                    <actual><![CDATA[!error:The instance decisionTable_0. does not exist]]></actual>
                              <expected><![CDATA[12.6]]></expected>
                              <evaluationMessage><![CDATA[12.6 error(The instance decisionTable_0. does not exist)]]></evaluationMessage>
                  </expectation>
        
      </instructionResult>
            <instructionResult>
        <instruction><![CDATA[[decisionTable_0_10, call, decisionTable_0, setDenominator, 3]]]></instruction>
        <slimResult><![CDATA[!error:The instance decisionTable_0. does not exist]]></slimResult>
                <expectation>
          <status>ignored</status>
          <instructionId>decisionTable_0_10</instructionId>
          <col>1</col>
          <row>3</row>
          <type>VoidReturnExpectation</type>
                    <actual><![CDATA[!error:The instance decisionTable_0. does not exist]]></actual>
                              <expected><![CDATA[3]]></expected>
                              <evaluationMessage><![CDATA[3 error(The instance decisionTable_0. does not exist)]]></evaluationMessage>
                  </expectation>
        
      </instructionResult>
            <instructionResult>
        <instruction><![CDATA[[decisionTable_0_11, call, decisionTable_0, execute]]]></instruction>
        <slimResult><![CDATA[!error:The instance decisionTable_0. does not exist]]></slimResult>
        
      </instructionResult>
            <instructionResult>
        <instruction><![CDATA[[decisionTable_0_12, call, decisionTable_0, quotient]]]></instruction>
        <slimResult><![CDATA[!error:The instance decisionTable_0. does not exist]]></slimResult>
                <expectation>
          <status>ignored</status>
          <instructionId>decisionTable_0_12</instructionId>
          <col>2</col>
          <row>3</row>
          <type>ReturnedValueExpectation</type>
                    <actual><![CDATA[!error:The instance decisionTable_0. does not exist]]></actual>
                              <expected><![CDATA[4.2]]></expected>
                              <evaluationMessage><![CDATA[4.2 error(The instance decisionTable_0. does not exist)]]></evaluationMessage>
                  </expectation>
        
      </instructionResult>
            <instructionResult>
        <instruction><![CDATA[[decisionTable_0_13, call, decisionTable_0, reset]]]></instruction>
        <slimResult><![CDATA[!error:The instance decisionTable_0. does not exist]]></slimResult>
        
      </instructionResult>
            <instructionResult>
        <instruction><![CDATA[[decisionTable_0_14, call, decisionTable_0, setNumerator, 100]]]></instruction>
        <slimResult><![CDATA[!error:The instance decisionTable_0. does not exist]]></slimResult>
                <expectation>
          <status>ignored</status>
          <instructionId>decisionTable_0_14</instructionId>
          <col>0</col>
          <row>4</row>
          <type>VoidReturnExpectation</type>
                    <actual><![CDATA[!error:The instance decisionTable_0. does not exist]]></actual>
                              <expected><![CDATA[100]]></expected>
                              <evaluationMessage><![CDATA[100 error(The instance decisionTable_0. does not exist)]]></evaluationMessage>
                  </expectation>
        
      </instructionResult>
            <instructionResult>
        <instruction><![CDATA[[decisionTable_0_15, call, decisionTable_0, setDenominator, 4]]]></instruction>
        <slimResult><![CDATA[!error:The instance decisionTable_0. does not exist]]></slimResult>
                <expectation>
          <status>ignored</status>
          <instructionId>decisionTable_0_15</instructionId>
          <col>1</col>
          <row>4</row>
          <type>VoidReturnExpectation</type>
                    <actual><![CDATA[!error:The instance decisionTable_0. does not exist]]></actual>
                              <expected><![CDATA[4]]></expected>
                              <evaluationMessage><![CDATA[4 error(The instance decisionTable_0. does not exist)]]></evaluationMessage>
                  </expectation>
        
      </instructionResult>
            <instructionResult>
        <instruction><![CDATA[[decisionTable_0_16, call, decisionTable_0, execute]]]></instruction>
        <slimResult><![CDATA[!error:The instance decisionTable_0. does not exist]]></slimResult>
        
      </instructionResult>
            <instructionResult>
        <instruction><![CDATA[[decisionTable_0_17, call, decisionTable_0, quotient]]]></instruction>
        <slimResult><![CDATA[!error:The instance decisionTable_0. does not exist]]></slimResult>
                <expectation>
          <status>ignored</status>
          <instructionId>decisionTable_0_17</instructionId>
          <col>2</col>
          <row>4</row>
          <type>ReturnedValueExpectation</type>
                    <actual><![CDATA[!error:The instance decisionTable_0. does not exist]]></actual>
                              <expected><![CDATA[25.0]]></expected>
                              <evaluationMessage><![CDATA[25.0 error(The instance decisionTable_0. does not exist)]]></evaluationMessage>
                  </expectation>
        
      </instructionResult>
            <instructionResult>
        <instruction><![CDATA[[decisionTable_0_18, call, decisionTable_0, endTable]]]></instruction>
        <slimResult><![CDATA[!error:The instance decisionTable_0. does not exist]]></slimResult>
        
      </instructionResult>
      
    </instructions>
    
  </result>
  
    <finalCounts>
    <right>0</right>
    <wrong>0</wrong>
    <ignores>0</ignores>
    <exceptions>0</exceptions>
  </finalCounts>
  <totalRunTimeInMillis>0</totalRunTimeInMillis>
  
</testResults>

