<?xml version="1.0"?>
<testResults>
  <FitNesseVersion>v20110104</FitNesseVersion>
  <rootPath>MyTestCase2</rootPath>
    <result>
    <counts>
      <right>3</right>
      <wrong>1</wrong>
      <ignores>0</ignores>
      <exceptions>0</exceptions>
    </counts>
    <runTimeInMillis>1</runTimeInMillis>
    <content><![CDATA[<div class="collapse_rim">
	<div style="float: right;" class="meta">
		<a href="javascript:expandAll();">Expand All</a>
 | 
		<a href="javascript:collapseAll();">Collapse All</a>
	</div>
	<a href="javascript:toggleCollapsable('4');">
		<img src="/files/images/collapsableClosed.gif" class="left" id="img4"/>
	</a>
&nbsp;
	<span class="meta">Precompiled Libraries</span>
	<div class="hidden" id="4"><br/></div>
</div>
<span class="meta">variable defined: TEST_SYSTEM=slim</span>
<br/> <br/><span class="meta">classpath: C:\TestDrivenDevelopment\DemoFitNesse</span><br/><br/><table border="1" cellspacing="0" _TABLENUMBER=4172985154286133995>
	<tr>
		<td colspan="3"><span class="pass">Division</span></td>
	</tr>
	<tr>
		<td>numerator</td>
		<td>denominator</td>
		<td>quotient?</td>
	</tr>
	<tr>
		<td>10</td>
		<td>2</td>
		<td><span class="pass">5.0</span></td>
	</tr>
	<tr>
		<td>12.6</td>
		<td>3</td>
		<td><span class="pass">4.2</span></td>
	</tr>
	<tr>
		<td>100</td>
		<td>4</td>
		<td><span class="pass">25.0</span></td>
	</tr>
	<tr>
		<td>100</td>
		<td>4</td>
		<td>[25.0] <span class="fail">expected [25]</span></td>
	</tr>
</table>
]]></content>
    <relativePageName>MyTestCase2</relativePageName>
    
        <tables>
            <table>
        <name>decisionTable_0</name>
                <row>
                    <col><![CDATA[pass(Division)]]></col>
          
        </row>
                <row>
                    <col><![CDATA[numerator]]></col>
                    <col><![CDATA[denominator]]></col>
                    <col><![CDATA[quotient?]]></col>
          
        </row>
                <row>
                    <col><![CDATA[10]]></col>
                    <col><![CDATA[2]]></col>
                    <col><![CDATA[pass(5.0)]]></col>
          
        </row>
                <row>
                    <col><![CDATA[12.6]]></col>
                    <col><![CDATA[3]]></col>
                    <col><![CDATA[pass(4.2)]]></col>
          
        </row>
                <row>
                    <col><![CDATA[100]]></col>
                    <col><![CDATA[4]]></col>
                    <col><![CDATA[pass(25.0)]]></col>
          
        </row>
                <row>
                    <col><![CDATA[100]]></col>
                    <col><![CDATA[4]]></col>
                    <col><![CDATA[[25.0] fail(expected [25])]]></col>
          
        </row>
        
      </table>
      
    </tables>
    
    
    <instructions>
            <instructionResult>
        <instruction><![CDATA[[decisionTable_0_0, make, decisionTable_0, Division]]]></instruction>
        <slimResult><![CDATA[OK]]></slimResult>
                <expectation>
          <status>right</status>
          <instructionId>decisionTable_0_0</instructionId>
          <col>0</col>
          <row>0</row>
          <type>ConstructionExpectation</type>
                    <actual><![CDATA[OK]]></actual>
                              <expected><![CDATA[Division]]></expected>
                              <evaluationMessage><![CDATA[pass(Division)]]></evaluationMessage>
                  </expectation>
        
      </instructionResult>
            <instructionResult>
        <instruction><![CDATA[[decisionTable_0_1, call, decisionTable_0, table, [[numerator, denominator, quotient?], [10, 2, 5.0], [12.6, 3, 4.2], [100, 4, 25.0], [100, 4, 25]]]]]></instruction>
        <slimResult><![CDATA[__EXCEPTION__:fitnesse.slim.SlimError: message:<<NO_METHOD_IN_CLASS table[1] Division.>>
	at fitnesse.slim.MethodExecutionResult$NoMethod.returnValue(MethodExecutionResult.java:27)
	at fitnesse.slim.StatementExecutor.call(StatementExecutor.java:197)
	at fitnesse.slim.Statement.callMethodAtIndex(Statement.java:99)
	at fitnesse.slim.Statement.call(Statement.java:92)
	at fitnesse.slim.Statement.execute(Statement.java:72)
	at fitnesse.slim.ListExecutor.execute(ListExecutor.java:36)
	at fitnesse.slim.SlimServer.executeInstructions(SlimServer.java:93)
	at fitnesse.slim.SlimServer.processTheInstructions(SlimServer.java:78)
	at fitnesse.slim.SlimServer.processOneSetOfInstructions(SlimServer.java:69)
	at fitnesse.slim.SlimServer.tryProcessInstructions(SlimServer.java:55)
	at fitnesse.slim.SlimServer.serve(SlimServer.java:30)
	at fitnesse.socketservice.SocketService$ServerRunner.run(SocketService.java:95)
	at java.lang.Thread.run(Unknown Source)
]]></slimResult>
        
      </instructionResult>
            <instructionResult>
        <instruction><![CDATA[[decisionTable_0_2, call, decisionTable_0, beginTable]]]></instruction>
        <slimResult><![CDATA[__EXCEPTION__:fitnesse.slim.SlimError: message:<<NO_METHOD_IN_CLASS beginTable[0] Division.>>
	at fitnesse.slim.MethodExecutionResult$NoMethod.returnValue(MethodExecutionResult.java:27)
	at fitnesse.slim.StatementExecutor.call(StatementExecutor.java:197)
	at fitnesse.slim.Statement.callMethodAtIndex(Statement.java:99)
	at fitnesse.slim.Statement.call(Statement.java:92)
	at fitnesse.slim.Statement.execute(Statement.java:72)
	at fitnesse.slim.ListExecutor.execute(ListExecutor.java:36)
	at fitnesse.slim.SlimServer.executeInstructions(SlimServer.java:93)
	at fitnesse.slim.SlimServer.processTheInstructions(SlimServer.java:78)
	at fitnesse.slim.SlimServer.processOneSetOfInstructions(SlimServer.java:69)
	at fitnesse.slim.SlimServer.tryProcessInstructions(SlimServer.java:55)
	at fitnesse.slim.SlimServer.serve(SlimServer.java:30)
	at fitnesse.socketservice.SocketService$ServerRunner.run(SocketService.java:95)
	at java.lang.Thread.run(Unknown Source)
]]></slimResult>
        
      </instructionResult>
            <instructionResult>
        <instruction><![CDATA[[decisionTable_0_3, call, decisionTable_0, reset]]]></instruction>
        <slimResult><![CDATA[__EXCEPTION__:fitnesse.slim.SlimError: message:<<NO_METHOD_IN_CLASS reset[0] Division.>>
	at fitnesse.slim.MethodExecutionResult$NoMethod.returnValue(MethodExecutionResult.java:27)
	at fitnesse.slim.StatementExecutor.call(StatementExecutor.java:197)
	at fitnesse.slim.Statement.callMethodAtIndex(Statement.java:99)
	at fitnesse.slim.Statement.call(Statement.java:92)
	at fitnesse.slim.Statement.execute(Statement.java:72)
	at fitnesse.slim.ListExecutor.execute(ListExecutor.java:36)
	at fitnesse.slim.SlimServer.executeInstructions(SlimServer.java:93)
	at fitnesse.slim.SlimServer.processTheInstructions(SlimServer.java:78)
	at fitnesse.slim.SlimServer.processOneSetOfInstructions(SlimServer.java:69)
	at fitnesse.slim.SlimServer.tryProcessInstructions(SlimServer.java:55)
	at fitnesse.slim.SlimServer.serve(SlimServer.java:30)
	at fitnesse.socketservice.SocketService$ServerRunner.run(SocketService.java:95)
	at java.lang.Thread.run(Unknown Source)
]]></slimResult>
        
      </instructionResult>
            <instructionResult>
        <instruction><![CDATA[[decisionTable_0_4, call, decisionTable_0, setNumerator, 10]]]></instruction>
        <slimResult><![CDATA[/__VOID__/]]></slimResult>
                <expectation>
          <status>ignored</status>
          <instructionId>decisionTable_0_4</instructionId>
          <col>0</col>
          <row>2</row>
          <type>VoidReturnExpectation</type>
                    <actual><![CDATA[/__VOID__/]]></actual>
                              <expected><![CDATA[10]]></expected>
                              <evaluationMessage><![CDATA[10]]></evaluationMessage>
                  </expectation>
        
      </instructionResult>
            <instructionResult>
        <instruction><![CDATA[[decisionTable_0_5, call, decisionTable_0, setDenominator, 2]]]></instruction>
        <slimResult><![CDATA[/__VOID__/]]></slimResult>
                <expectation>
          <status>ignored</status>
          <instructionId>decisionTable_0_5</instructionId>
          <col>1</col>
          <row>2</row>
          <type>VoidReturnExpectation</type>
                    <actual><![CDATA[/__VOID__/]]></actual>
                              <expected><![CDATA[2]]></expected>
                              <evaluationMessage><![CDATA[2]]></evaluationMessage>
                  </expectation>
        
      </instructionResult>
            <instructionResult>
        <instruction><![CDATA[[decisionTable_0_6, call, decisionTable_0, execute]]]></instruction>
        <slimResult><![CDATA[__EXCEPTION__:fitnesse.slim.SlimError: message:<<NO_METHOD_IN_CLASS execute[0] Division.>>
	at fitnesse.slim.MethodExecutionResult$NoMethod.returnValue(MethodExecutionResult.java:27)
	at fitnesse.slim.StatementExecutor.call(StatementExecutor.java:197)
	at fitnesse.slim.Statement.callMethodAtIndex(Statement.java:99)
	at fitnesse.slim.Statement.call(Statement.java:92)
	at fitnesse.slim.Statement.execute(Statement.java:72)
	at fitnesse.slim.ListExecutor.execute(ListExecutor.java:36)
	at fitnesse.slim.SlimServer.executeInstructions(SlimServer.java:93)
	at fitnesse.slim.SlimServer.processTheInstructions(SlimServer.java:78)
	at fitnesse.slim.SlimServer.processOneSetOfInstructions(SlimServer.java:69)
	at fitnesse.slim.SlimServer.tryProcessInstructions(SlimServer.java:55)
	at fitnesse.slim.SlimServer.serve(SlimServer.java:30)
	at fitnesse.socketservice.SocketService$ServerRunner.run(SocketService.java:95)
	at java.lang.Thread.run(Unknown Source)
]]></slimResult>
        
      </instructionResult>
            <instructionResult>
        <instruction><![CDATA[[decisionTable_0_7, call, decisionTable_0, quotient]]]></instruction>
        <slimResult><![CDATA[5.0]]></slimResult>
                <expectation>
          <status>right</status>
          <instructionId>decisionTable_0_7</instructionId>
          <col>2</col>
          <row>2</row>
          <type>ReturnedValueExpectation</type>
                    <actual><![CDATA[5.0]]></actual>
                              <expected><![CDATA[5.0]]></expected>
                              <evaluationMessage><![CDATA[pass(5.0)]]></evaluationMessage>
                  </expectation>
        
      </instructionResult>
            <instructionResult>
        <instruction><![CDATA[[decisionTable_0_8, call, decisionTable_0, reset]]]></instruction>
        <slimResult><![CDATA[__EXCEPTION__:fitnesse.slim.SlimError: message:<<NO_METHOD_IN_CLASS reset[0] Division.>>
	at fitnesse.slim.MethodExecutionResult$NoMethod.returnValue(MethodExecutionResult.java:27)
	at fitnesse.slim.StatementExecutor.call(StatementExecutor.java:197)
	at fitnesse.slim.Statement.callMethodAtIndex(Statement.java:99)
	at fitnesse.slim.Statement.call(Statement.java:92)
	at fitnesse.slim.Statement.execute(Statement.java:72)
	at fitnesse.slim.ListExecutor.execute(ListExecutor.java:36)
	at fitnesse.slim.SlimServer.executeInstructions(SlimServer.java:93)
	at fitnesse.slim.SlimServer.processTheInstructions(SlimServer.java:78)
	at fitnesse.slim.SlimServer.processOneSetOfInstructions(SlimServer.java:69)
	at fitnesse.slim.SlimServer.tryProcessInstructions(SlimServer.java:55)
	at fitnesse.slim.SlimServer.serve(SlimServer.java:30)
	at fitnesse.socketservice.SocketService$ServerRunner.run(SocketService.java:95)
	at java.lang.Thread.run(Unknown Source)
]]></slimResult>
        
      </instructionResult>
            <instructionResult>
        <instruction><![CDATA[[decisionTable_0_9, call, decisionTable_0, setNumerator, 12.6]]]></instruction>
        <slimResult><![CDATA[/__VOID__/]]></slimResult>
                <expectation>
          <status>ignored</status>
          <instructionId>decisionTable_0_9</instructionId>
          <col>0</col>
          <row>3</row>
          <type>VoidReturnExpectation</type>
                    <actual><![CDATA[/__VOID__/]]></actual>
                              <expected><![CDATA[12.6]]></expected>
                              <evaluationMessage><![CDATA[12.6]]></evaluationMessage>
                  </expectation>
        
      </instructionResult>
            <instructionResult>
        <instruction><![CDATA[[decisionTable_0_10, call, decisionTable_0, setDenominator, 3]]]></instruction>
        <slimResult><![CDATA[/__VOID__/]]></slimResult>
                <expectation>
          <status>ignored</status>
          <instructionId>decisionTable_0_10</instructionId>
          <col>1</col>
          <row>3</row>
          <type>VoidReturnExpectation</type>
                    <actual><![CDATA[/__VOID__/]]></actual>
                              <expected><![CDATA[3]]></expected>
                              <evaluationMessage><![CDATA[3]]></evaluationMessage>
                  </expectation>
        
      </instructionResult>
            <instructionResult>
        <instruction><![CDATA[[decisionTable_0_11, call, decisionTable_0, execute]]]></instruction>
        <slimResult><![CDATA[__EXCEPTION__:fitnesse.slim.SlimError: message:<<NO_METHOD_IN_CLASS execute[0] Division.>>
	at fitnesse.slim.MethodExecutionResult$NoMethod.returnValue(MethodExecutionResult.java:27)
	at fitnesse.slim.StatementExecutor.call(StatementExecutor.java:197)
	at fitnesse.slim.Statement.callMethodAtIndex(Statement.java:99)
	at fitnesse.slim.Statement.call(Statement.java:92)
	at fitnesse.slim.Statement.execute(Statement.java:72)
	at fitnesse.slim.ListExecutor.execute(ListExecutor.java:36)
	at fitnesse.slim.SlimServer.executeInstructions(SlimServer.java:93)
	at fitnesse.slim.SlimServer.processTheInstructions(SlimServer.java:78)
	at fitnesse.slim.SlimServer.processOneSetOfInstructions(SlimServer.java:69)
	at fitnesse.slim.SlimServer.tryProcessInstructions(SlimServer.java:55)
	at fitnesse.slim.SlimServer.serve(SlimServer.java:30)
	at fitnesse.socketservice.SocketService$ServerRunner.run(SocketService.java:95)
	at java.lang.Thread.run(Unknown Source)
]]></slimResult>
        
      </instructionResult>
            <instructionResult>
        <instruction><![CDATA[[decisionTable_0_12, call, decisionTable_0, quotient]]]></instruction>
        <slimResult><![CDATA[4.2]]></slimResult>
                <expectation>
          <status>right</status>
          <instructionId>decisionTable_0_12</instructionId>
          <col>2</col>
          <row>3</row>
          <type>ReturnedValueExpectation</type>
                    <actual><![CDATA[4.2]]></actual>
                              <expected><![CDATA[4.2]]></expected>
                              <evaluationMessage><![CDATA[pass(4.2)]]></evaluationMessage>
                  </expectation>
        
      </instructionResult>
            <instructionResult>
        <instruction><![CDATA[[decisionTable_0_13, call, decisionTable_0, reset]]]></instruction>
        <slimResult><![CDATA[__EXCEPTION__:fitnesse.slim.SlimError: message:<<NO_METHOD_IN_CLASS reset[0] Division.>>
	at fitnesse.slim.MethodExecutionResult$NoMethod.returnValue(MethodExecutionResult.java:27)
	at fitnesse.slim.StatementExecutor.call(StatementExecutor.java:197)
	at fitnesse.slim.Statement.callMethodAtIndex(Statement.java:99)
	at fitnesse.slim.Statement.call(Statement.java:92)
	at fitnesse.slim.Statement.execute(Statement.java:72)
	at fitnesse.slim.ListExecutor.execute(ListExecutor.java:36)
	at fitnesse.slim.SlimServer.executeInstructions(SlimServer.java:93)
	at fitnesse.slim.SlimServer.processTheInstructions(SlimServer.java:78)
	at fitnesse.slim.SlimServer.processOneSetOfInstructions(SlimServer.java:69)
	at fitnesse.slim.SlimServer.tryProcessInstructions(SlimServer.java:55)
	at fitnesse.slim.SlimServer.serve(SlimServer.java:30)
	at fitnesse.socketservice.SocketService$ServerRunner.run(SocketService.java:95)
	at java.lang.Thread.run(Unknown Source)
]]></slimResult>
        
      </instructionResult>
            <instructionResult>
        <instruction><![CDATA[[decisionTable_0_14, call, decisionTable_0, setNumerator, 100]]]></instruction>
        <slimResult><![CDATA[/__VOID__/]]></slimResult>
                <expectation>
          <status>ignored</status>
          <instructionId>decisionTable_0_14</instructionId>
          <col>0</col>
          <row>4</row>
          <type>VoidReturnExpectation</type>
                    <actual><![CDATA[/__VOID__/]]></actual>
                              <expected><![CDATA[100]]></expected>
                              <evaluationMessage><![CDATA[100]]></evaluationMessage>
                  </expectation>
        
      </instructionResult>
            <instructionResult>
        <instruction><![CDATA[[decisionTable_0_15, call, decisionTable_0, setDenominator, 4]]]></instruction>
        <slimResult><![CDATA[/__VOID__/]]></slimResult>
                <expectation>
          <status>ignored</status>
          <instructionId>decisionTable_0_15</instructionId>
          <col>1</col>
          <row>4</row>
          <type>VoidReturnExpectation</type>
                    <actual><![CDATA[/__VOID__/]]></actual>
                              <expected><![CDATA[4]]></expected>
                              <evaluationMessage><![CDATA[4]]></evaluationMessage>
                  </expectation>
        
      </instructionResult>
            <instructionResult>
        <instruction><![CDATA[[decisionTable_0_16, call, decisionTable_0, execute]]]></instruction>
        <slimResult><![CDATA[__EXCEPTION__:fitnesse.slim.SlimError: message:<<NO_METHOD_IN_CLASS execute[0] Division.>>
	at fitnesse.slim.MethodExecutionResult$NoMethod.returnValue(MethodExecutionResult.java:27)
	at fitnesse.slim.StatementExecutor.call(StatementExecutor.java:197)
	at fitnesse.slim.Statement.callMethodAtIndex(Statement.java:99)
	at fitnesse.slim.Statement.call(Statement.java:92)
	at fitnesse.slim.Statement.execute(Statement.java:72)
	at fitnesse.slim.ListExecutor.execute(ListExecutor.java:36)
	at fitnesse.slim.SlimServer.executeInstructions(SlimServer.java:93)
	at fitnesse.slim.SlimServer.processTheInstructions(SlimServer.java:78)
	at fitnesse.slim.SlimServer.processOneSetOfInstructions(SlimServer.java:69)
	at fitnesse.slim.SlimServer.tryProcessInstructions(SlimServer.java:55)
	at fitnesse.slim.SlimServer.serve(SlimServer.java:30)
	at fitnesse.socketservice.SocketService$ServerRunner.run(SocketService.java:95)
	at java.lang.Thread.run(Unknown Source)
]]></slimResult>
        
      </instructionResult>
            <instructionResult>
        <instruction><![CDATA[[decisionTable_0_17, call, decisionTable_0, quotient]]]></instruction>
        <slimResult><![CDATA[25.0]]></slimResult>
                <expectation>
          <status>right</status>
          <instructionId>decisionTable_0_17</instructionId>
          <col>2</col>
          <row>4</row>
          <type>ReturnedValueExpectation</type>
                    <actual><![CDATA[25.0]]></actual>
                              <expected><![CDATA[25.0]]></expected>
                              <evaluationMessage><![CDATA[pass(25.0)]]></evaluationMessage>
                  </expectation>
        
      </instructionResult>
            <instructionResult>
        <instruction><![CDATA[[decisionTable_0_18, call, decisionTable_0, reset]]]></instruction>
        <slimResult><![CDATA[__EXCEPTION__:fitnesse.slim.SlimError: message:<<NO_METHOD_IN_CLASS reset[0] Division.>>
	at fitnesse.slim.MethodExecutionResult$NoMethod.returnValue(MethodExecutionResult.java:27)
	at fitnesse.slim.StatementExecutor.call(StatementExecutor.java:197)
	at fitnesse.slim.Statement.callMethodAtIndex(Statement.java:99)
	at fitnesse.slim.Statement.call(Statement.java:92)
	at fitnesse.slim.Statement.execute(Statement.java:72)
	at fitnesse.slim.ListExecutor.execute(ListExecutor.java:36)
	at fitnesse.slim.SlimServer.executeInstructions(SlimServer.java:93)
	at fitnesse.slim.SlimServer.processTheInstructions(SlimServer.java:78)
	at fitnesse.slim.SlimServer.processOneSetOfInstructions(SlimServer.java:69)
	at fitnesse.slim.SlimServer.tryProcessInstructions(SlimServer.java:55)
	at fitnesse.slim.SlimServer.serve(SlimServer.java:30)
	at fitnesse.socketservice.SocketService$ServerRunner.run(SocketService.java:95)
	at java.lang.Thread.run(Unknown Source)
]]></slimResult>
        
      </instructionResult>
            <instructionResult>
        <instruction><![CDATA[[decisionTable_0_19, call, decisionTable_0, setNumerator, 100]]]></instruction>
        <slimResult><![CDATA[/__VOID__/]]></slimResult>
                <expectation>
          <status>ignored</status>
          <instructionId>decisionTable_0_19</instructionId>
          <col>0</col>
          <row>5</row>
          <type>VoidReturnExpectation</type>
                    <actual><![CDATA[/__VOID__/]]></actual>
                              <expected><![CDATA[100]]></expected>
                              <evaluationMessage><![CDATA[100]]></evaluationMessage>
                  </expectation>
        
      </instructionResult>
            <instructionResult>
        <instruction><![CDATA[[decisionTable_0_20, call, decisionTable_0, setDenominator, 4]]]></instruction>
        <slimResult><![CDATA[/__VOID__/]]></slimResult>
                <expectation>
          <status>ignored</status>
          <instructionId>decisionTable_0_20</instructionId>
          <col>1</col>
          <row>5</row>
          <type>VoidReturnExpectation</type>
                    <actual><![CDATA[/__VOID__/]]></actual>
                              <expected><![CDATA[4]]></expected>
                              <evaluationMessage><![CDATA[4]]></evaluationMessage>
                  </expectation>
        
      </instructionResult>
            <instructionResult>
        <instruction><![CDATA[[decisionTable_0_21, call, decisionTable_0, execute]]]></instruction>
        <slimResult><![CDATA[__EXCEPTION__:fitnesse.slim.SlimError: message:<<NO_METHOD_IN_CLASS execute[0] Division.>>
	at fitnesse.slim.MethodExecutionResult$NoMethod.returnValue(MethodExecutionResult.java:27)
	at fitnesse.slim.StatementExecutor.call(StatementExecutor.java:197)
	at fitnesse.slim.Statement.callMethodAtIndex(Statement.java:99)
	at fitnesse.slim.Statement.call(Statement.java:92)
	at fitnesse.slim.Statement.execute(Statement.java:72)
	at fitnesse.slim.ListExecutor.execute(ListExecutor.java:36)
	at fitnesse.slim.SlimServer.executeInstructions(SlimServer.java:93)
	at fitnesse.slim.SlimServer.processTheInstructions(SlimServer.java:78)
	at fitnesse.slim.SlimServer.processOneSetOfInstructions(SlimServer.java:69)
	at fitnesse.slim.SlimServer.tryProcessInstructions(SlimServer.java:55)
	at fitnesse.slim.SlimServer.serve(SlimServer.java:30)
	at fitnesse.socketservice.SocketService$ServerRunner.run(SocketService.java:95)
	at java.lang.Thread.run(Unknown Source)
]]></slimResult>
        
      </instructionResult>
            <instructionResult>
        <instruction><![CDATA[[decisionTable_0_22, call, decisionTable_0, quotient]]]></instruction>
        <slimResult><![CDATA[25.0]]></slimResult>
                <expectation>
          <status>wrong</status>
          <instructionId>decisionTable_0_22</instructionId>
          <col>2</col>
          <row>5</row>
          <type>ReturnedValueExpectation</type>
                    <actual><![CDATA[25.0]]></actual>
                              <expected><![CDATA[25]]></expected>
                              <evaluationMessage><![CDATA[[25.0] fail(expected [25])]]></evaluationMessage>
                  </expectation>
        
      </instructionResult>
            <instructionResult>
        <instruction><![CDATA[[decisionTable_0_23, call, decisionTable_0, endTable]]]></instruction>
        <slimResult><![CDATA[__EXCEPTION__:fitnesse.slim.SlimError: message:<<NO_METHOD_IN_CLASS endTable[0] Division.>>
	at fitnesse.slim.MethodExecutionResult$NoMethod.returnValue(MethodExecutionResult.java:27)
	at fitnesse.slim.StatementExecutor.call(StatementExecutor.java:197)
	at fitnesse.slim.Statement.callMethodAtIndex(Statement.java:99)
	at fitnesse.slim.Statement.call(Statement.java:92)
	at fitnesse.slim.Statement.execute(Statement.java:72)
	at fitnesse.slim.ListExecutor.execute(ListExecutor.java:36)
	at fitnesse.slim.SlimServer.executeInstructions(SlimServer.java:93)
	at fitnesse.slim.SlimServer.processTheInstructions(SlimServer.java:78)
	at fitnesse.slim.SlimServer.processOneSetOfInstructions(SlimServer.java:69)
	at fitnesse.slim.SlimServer.tryProcessInstructions(SlimServer.java:55)
	at fitnesse.slim.SlimServer.serve(SlimServer.java:30)
	at fitnesse.socketservice.SocketService$ServerRunner.run(SocketService.java:95)
	at java.lang.Thread.run(Unknown Source)
]]></slimResult>
        
      </instructionResult>
      
    </instructions>
    
  </result>
  
    <finalCounts>
    <right>0</right>
    <wrong>0</wrong>
    <ignores>0</ignores>
    <exceptions>0</exceptions>
  </finalCounts>
  <totalRunTimeInMillis>0</totalRunTimeInMillis>
  
</testResults>

