<?xml version="1.0"?>
<testResults>
  <FitNesseVersion>v20110104</FitNesseVersion>
  <rootPath>MyTestCase</rootPath>
    <result>
    <counts>
      <right>0</right>
      <wrong>0</wrong>
      <ignores>0</ignores>
      <exceptions>19</exceptions>
    </counts>
    <runTimeInMillis>5</runTimeInMillis>
    <content><![CDATA[<div class="collapse_rim">
	<div style="float: right;" class="meta">
		<a href="javascript:expandAll();">Expand All</a>
 | 
		<a href="javascript:collapseAll();">Collapse All</a>
	</div>
	<a href="javascript:toggleCollapsable('1');">
		<img src="/files/images/collapsableClosed.gif" class="left" id="img1"/>
	</a>
&nbsp;
	<span class="meta">Precompiled Libraries</span>
	<div class="hidden" id="1"><br/></div>
</div>
<span class="meta">variable defined: TEST_SYSTEM=slim</span>
<br/> <br/><span class="meta">variable defined: COLLAPSE_SETUP=true</span>
<br/><span class="meta">variable defined: COLLAPSE_TEARDOWN=true</span>
<br/> <br/><table border="1" cellspacing="0" _TABLENUMBER=2110852434475261157>
	<tr>
		<td colspan="6">Create Programs <span class="error">Could not invoke constructor for CreatePrograms[0]</span></td>
	</tr>
	<tr>
		<td>Name</td>
		<td>Channel</td>
		<td>DayOfWeek</td>
		<td>TimeOfDay</td>
		<td>DurationInMinutes</td>
		<td>id?</td>
	</tr>
	<tr>
		<td>House <span class="error">The instance decisionTable_0. does not exist</span></td>
		<td>4 <span class="error">The instance decisionTable_0. does not exist</span></td>
		<td>Monday <span class="error">The instance decisionTable_0. does not exist</span></td>
		<td>19:00 <span class="error">The instance decisionTable_0. does not exist</span></td>
		<td>60 <span class="error">The instance decisionTable_0. does not exist</span></td>
		<td>$ID= <span class="error">The instance decisionTable_0. does not exist</span></td>
	</tr>
</table>
]]></content>
    <relativePageName>MyTestCase</relativePageName>
    
        <tables>
            <table>
        <name>decisionTable_0</name>
                <row>
                    <col><![CDATA[Create Programs error(Could not invoke constructor for CreatePrograms[0])]]></col>
          
        </row>
                <row>
                    <col><![CDATA[Name]]></col>
                    <col><![CDATA[Channel]]></col>
                    <col><![CDATA[DayOfWeek]]></col>
                    <col><![CDATA[TimeOfDay]]></col>
                    <col><![CDATA[DurationInMinutes]]></col>
                    <col><![CDATA[id?]]></col>
          
        </row>
                <row>
                    <col><![CDATA[House error(The instance decisionTable_0. does not exist)]]></col>
                    <col><![CDATA[4 error(The instance decisionTable_0. does not exist)]]></col>
                    <col><![CDATA[Monday error(The instance decisionTable_0. does not exist)]]></col>
                    <col><![CDATA[19:00 error(The instance decisionTable_0. does not exist)]]></col>
                    <col><![CDATA[60 error(The instance decisionTable_0. does not exist)]]></col>
                    <col><![CDATA[$ID= error(The instance decisionTable_0. does not exist)]]></col>
          
        </row>
        
      </table>
      
    </tables>
    
    
    <instructions>
            <instructionResult>
        <instruction><![CDATA[[decisionTable_0_0, make, decisionTable_0, CreatePrograms]]]></instruction>
        <slimResult><![CDATA[!error:Could not invoke constructor for CreatePrograms[0]]]></slimResult>
                <expectation>
          <status>ignored</status>
          <instructionId>decisionTable_0_0</instructionId>
          <col>0</col>
          <row>0</row>
          <type>ConstructionExpectation</type>
                    <actual><![CDATA[!error:Could not invoke constructor for CreatePrograms[0]]]></actual>
                              <expected><![CDATA[Create Programs]]></expected>
                              <evaluationMessage><![CDATA[Create Programs error(Could not invoke constructor for CreatePrograms[0])]]></evaluationMessage>
                  </expectation>
        
      </instructionResult>
            <instructionResult>
        <instruction><![CDATA[[decisionTable_0_1, call, decisionTable_0, table, [[Name, Channel, DayOfWeek, TimeOfDay, DurationInMinutes, id?], [House, 4, Monday, 19:00, 60, $ID=]]]]]></instruction>
        <slimResult><![CDATA[!error:The instance decisionTable_0. does not exist]]></slimResult>
        
      </instructionResult>
            <instructionResult>
        <instruction><![CDATA[[decisionTable_0_2, call, decisionTable_0, beginTable]]]></instruction>
        <slimResult><![CDATA[!error:The instance decisionTable_0. does not exist]]></slimResult>
        
      </instructionResult>
            <instructionResult>
        <instruction><![CDATA[[decisionTable_0_3, call, decisionTable_0, reset]]]></instruction>
        <slimResult><![CDATA[!error:The instance decisionTable_0. does not exist]]></slimResult>
        
      </instructionResult>
            <instructionResult>
        <instruction><![CDATA[[decisionTable_0_4, call, decisionTable_0, setName, House]]]></instruction>
        <slimResult><![CDATA[!error:The instance decisionTable_0. does not exist]]></slimResult>
                <expectation>
          <status>ignored</status>
          <instructionId>decisionTable_0_4</instructionId>
          <col>0</col>
          <row>2</row>
          <type>VoidReturnExpectation</type>
                    <actual><![CDATA[!error:The instance decisionTable_0. does not exist]]></actual>
                              <expected><![CDATA[House]]></expected>
                              <evaluationMessage><![CDATA[House error(The instance decisionTable_0. does not exist)]]></evaluationMessage>
                  </expectation>
        
      </instructionResult>
            <instructionResult>
        <instruction><![CDATA[[decisionTable_0_5, call, decisionTable_0, setChannel, 4]]]></instruction>
        <slimResult><![CDATA[!error:The instance decisionTable_0. does not exist]]></slimResult>
                <expectation>
          <status>ignored</status>
          <instructionId>decisionTable_0_5</instructionId>
          <col>1</col>
          <row>2</row>
          <type>VoidReturnExpectation</type>
                    <actual><![CDATA[!error:The instance decisionTable_0. does not exist]]></actual>
                              <expected><![CDATA[4]]></expected>
                              <evaluationMessage><![CDATA[4 error(The instance decisionTable_0. does not exist)]]></evaluationMessage>
                  </expectation>
        
      </instructionResult>
            <instructionResult>
        <instruction><![CDATA[[decisionTable_0_6, call, decisionTable_0, setDayOfWeek, Monday]]]></instruction>
        <slimResult><![CDATA[!error:The instance decisionTable_0. does not exist]]></slimResult>
                <expectation>
          <status>ignored</status>
          <instructionId>decisionTable_0_6</instructionId>
          <col>2</col>
          <row>2</row>
          <type>VoidReturnExpectation</type>
                    <actual><![CDATA[!error:The instance decisionTable_0. does not exist]]></actual>
                              <expected><![CDATA[Monday]]></expected>
                              <evaluationMessage><![CDATA[Monday error(The instance decisionTable_0. does not exist)]]></evaluationMessage>
                  </expectation>
        
      </instructionResult>
            <instructionResult>
        <instruction><![CDATA[[decisionTable_0_7, call, decisionTable_0, setTimeOfDay, 19:00]]]></instruction>
        <slimResult><![CDATA[!error:The instance decisionTable_0. does not exist]]></slimResult>
                <expectation>
          <status>ignored</status>
          <instructionId>decisionTable_0_7</instructionId>
          <col>3</col>
          <row>2</row>
          <type>VoidReturnExpectation</type>
                    <actual><![CDATA[!error:The instance decisionTable_0. does not exist]]></actual>
                              <expected><![CDATA[19:00]]></expected>
                              <evaluationMessage><![CDATA[19:00 error(The instance decisionTable_0. does not exist)]]></evaluationMessage>
                  </expectation>
        
      </instructionResult>
            <instructionResult>
        <instruction><![CDATA[[decisionTable_0_8, call, decisionTable_0, setDurationInMinutes, 60]]]></instruction>
        <slimResult><![CDATA[!error:The instance decisionTable_0. does not exist]]></slimResult>
                <expectation>
          <status>ignored</status>
          <instructionId>decisionTable_0_8</instructionId>
          <col>4</col>
          <row>2</row>
          <type>VoidReturnExpectation</type>
                    <actual><![CDATA[!error:The instance decisionTable_0. does not exist]]></actual>
                              <expected><![CDATA[60]]></expected>
                              <evaluationMessage><![CDATA[60 error(The instance decisionTable_0. does not exist)]]></evaluationMessage>
                  </expectation>
        
      </instructionResult>
            <instructionResult>
        <instruction><![CDATA[[decisionTable_0_9, call, decisionTable_0, execute]]]></instruction>
        <slimResult><![CDATA[!error:The instance decisionTable_0. does not exist]]></slimResult>
        
      </instructionResult>
            <instructionResult>
        <instruction><![CDATA[[decisionTable_0_10, callAndAssign, ID, decisionTable_0, id]]]></instruction>
        <slimResult><![CDATA[!error:The instance decisionTable_0. does not exist]]></slimResult>
                <expectation>
          <status>ignored</status>
          <instructionId>decisionTable_0_10</instructionId>
          <col>5</col>
          <row>2</row>
          <type>SymbolAssignmentExpectation</type>
                    <actual><![CDATA[!error:The instance decisionTable_0. does not exist]]></actual>
                              <expected><![CDATA[$ID=]]></expected>
                              <evaluationMessage><![CDATA[$ID= error(The instance decisionTable_0. does not exist)]]></evaluationMessage>
                  </expectation>
        
      </instructionResult>
            <instructionResult>
        <instruction><![CDATA[[decisionTable_0_11, call, decisionTable_0, endTable]]]></instruction>
        <slimResult><![CDATA[!error:The instance decisionTable_0. does not exist]]></slimResult>
        
      </instructionResult>
      
    </instructions>
    
  </result>
  
    <finalCounts>
    <right>0</right>
    <wrong>0</wrong>
    <ignores>0</ignores>
    <exceptions>0</exceptions>
  </finalCounts>
  <totalRunTimeInMillis>0</totalRunTimeInMillis>
  
</testResults>

