<?xml version="1.0"?>
<testResults>
  <FitNesseVersion>v20110104</FitNesseVersion>
  <rootPath>MyTestCase</rootPath>
    <result>
    <counts>
      <right>5</right>
      <wrong>2</wrong>
      <ignores>0</ignores>
      <exceptions>4</exceptions>
    </counts>
    <runTimeInMillis>76</runTimeInMillis>
    <content><![CDATA[<div class="collapse_rim">
	<div style="float: right;" class="meta">
		<a href="javascript:expandAll();">Expand All</a>
 | 
		<a href="javascript:collapseAll();">Collapse All</a>
	</div>
	<a href="javascript:toggleCollapsable('34');">
		<img src="/files/images/collapsableClosed.gif" class="left" id="img34"/>
	</a>
&nbsp;
	<span class="meta">Precompiled Libraries</span>
	<div class="hidden" id="34"><br/></div>
</div>
<span class="meta">variable defined: TEST_SYSTEM=slim</span>
<br/> <br/><span class="meta">classpath: C:\TestDrivenDevelopment\DemoFitNesse</span><br/><br/><table border="1" cellspacing="0" _TABLENUMBER=3006527823773844218>
	<tr>
		<td colspan="3"><span class="pass">Division</span></td>
	</tr>
	<tr>
		<td>numerator</td>
		<td>denominator</td>
		<td>quotient?</td>
	</tr>
	<tr>
		<td>10</td>
		<td>2</td>
		<td><span class="pass">5.0</span></td>
	</tr>
	<tr>
		<td>12.6</td>
		<td>3</td>
		<td><span class="pass">4.2</span></td>
	</tr>
	<tr>
		<td>100</td>
		<td>4</td>
		<td><span class="pass">25.0</span></td>
	</tr>
</table>
<br/><table border="1" cellspacing="0" _TABLENUMBER=2837393512146335837>
	<tr>
		<td colspan="2"><span class="pass">Shopping</span></td>
	</tr>
	<tr>
		<td>customer</td>
		<td>products?</td>
	</tr>
	<tr>
		<td>Andy</td>
		<td><span class="pass">[Swans jersey, HD-TV, iPad]</span></td>
	</tr>
	<tr>
		<td>Jayne</td>
		<td><span class="pass">[Shoes, Spa break]</span></td>
	</tr>
</table>
<br/><br/><span class="meta">variable defined: cust1=
|name|Emily|
|id|1|
</span>
<br/><br/><span class="meta">variable defined: cust2=
|name|Tom|
|id|2|
</span>
<br/><br/><table border="1" cellspacing="0" _TABLENUMBER=6456373633898225110>
	<tr>
		<td colspan="2"><span class="pass">Shopping</span></td>
	</tr>
	<tr>
		<td>customerDetails</td>
		<td>productsForCustomerDetails?</td>
	</tr>
	<tr>
		<td><br/><table border="1" cellspacing="0">
	<tr>
		<td>name</td>
		<td>Emily</td>
	</tr>
	<tr>
		<td>id</td>
		<td>1</td>
	</tr>
</table> <span class="error">No converter for CustomerDetails.</span></td>
		<td>[[Swans jersey, HD-TV, iPad]] <span class="fail">expected [[T-shirt, Brush]]</span></td>
	</tr>
	<tr>
		<td><br/><table border="1" cellspacing="0">
	<tr>
		<td>name</td>
		<td>Tom</td>
	</tr>
	<tr>
		<td>id</td>
		<td>2</td>
	</tr>
</table> <span class="error">No converter for CustomerDetails.</span></td>
		<td>[[Swans jersey, HD-TV, iPad]] <span class="fail">expected [[Disco lights, water pump]]</span></td>
	</tr>
</table>
]]></content>
    <relativePageName>MyTestCase</relativePageName>
    
        <tables>
            <table>
        <name>decisionTable_0</name>
                <row>
                    <col><![CDATA[pass(Division)]]></col>
          
        </row>
                <row>
                    <col><![CDATA[numerator]]></col>
                    <col><![CDATA[denominator]]></col>
                    <col><![CDATA[quotient?]]></col>
          
        </row>
                <row>
                    <col><![CDATA[10]]></col>
                    <col><![CDATA[2]]></col>
                    <col><![CDATA[pass(5.0)]]></col>
          
        </row>
                <row>
                    <col><![CDATA[12.6]]></col>
                    <col><![CDATA[3]]></col>
                    <col><![CDATA[pass(4.2)]]></col>
          
        </row>
                <row>
                    <col><![CDATA[100]]></col>
                    <col><![CDATA[4]]></col>
                    <col><![CDATA[pass(25.0)]]></col>
          
        </row>
        
      </table>
            <table>
        <name>decisionTable_1</name>
                <row>
                    <col><![CDATA[pass(Shopping)]]></col>
          
        </row>
                <row>
                    <col><![CDATA[customer]]></col>
                    <col><![CDATA[products?]]></col>
          
        </row>
                <row>
                    <col><![CDATA[Andy]]></col>
                    <col><![CDATA[pass([Swans jersey, HD-TV, iPad])]]></col>
          
        </row>
                <row>
                    <col><![CDATA[Jayne]]></col>
                    <col><![CDATA[pass([Shoes, Spa break])]]></col>
          
        </row>
        
      </table>
            <table>
        <name>decisionTable_2</name>
                <row>
                    <col><![CDATA[pass(Shopping)]]></col>
          
        </row>
                <row>
                    <col><![CDATA[customerDetails]]></col>
                    <col><![CDATA[productsForCustomerDetails?]]></col>
          
        </row>
                <row>
                    <col><![CDATA[<br/><table border="1" cellspacing="0">
	<tr>
		<td>name</td>
		<td>Emily</td>
	</tr>
	<tr>
		<td>id</td>
		<td>1</td>
	</tr>
</table> error(No converter for CustomerDetails.)]]></col>
                    <col><![CDATA[[[Swans jersey, HD-TV, iPad]] fail(expected [[T-shirt, Brush]])]]></col>
          
        </row>
                <row>
                    <col><![CDATA[<br/><table border="1" cellspacing="0">
	<tr>
		<td>name</td>
		<td>Tom</td>
	</tr>
	<tr>
		<td>id</td>
		<td>2</td>
	</tr>
</table> error(No converter for CustomerDetails.)]]></col>
                    <col><![CDATA[[[Swans jersey, HD-TV, iPad]] fail(expected [[Disco lights, water pump]])]]></col>
          
        </row>
        
      </table>
      
    </tables>
    
    
    <instructions>
            <instructionResult>
        <instruction><![CDATA[[decisionTable_0_0, make, decisionTable_0, Division]]]></instruction>
        <slimResult><![CDATA[OK]]></slimResult>
                <expectation>
          <status>right</status>
          <instructionId>decisionTable_0_0</instructionId>
          <col>0</col>
          <row>0</row>
          <type>ConstructionExpectation</type>
                    <actual><![CDATA[OK]]></actual>
                              <expected><![CDATA[Division]]></expected>
                              <evaluationMessage><![CDATA[pass(Division)]]></evaluationMessage>
                  </expectation>
        
      </instructionResult>
            <instructionResult>
        <instruction><![CDATA[[decisionTable_0_1, call, decisionTable_0, table, [[numerator, denominator, quotient?], [10, 2, 5.0], [12.6, 3, 4.2], [100, 4, 25.0]]]]]></instruction>
        <slimResult><![CDATA[__EXCEPTION__:fitnesse.slim.SlimError: message:<<NO_METHOD_IN_CLASS table[1] Division.>>
	at fitnesse.slim.MethodExecutionResult$NoMethod.returnValue(MethodExecutionResult.java:27)
	at fitnesse.slim.StatementExecutor.call(StatementExecutor.java:197)
	at fitnesse.slim.Statement.callMethodAtIndex(Statement.java:99)
	at fitnesse.slim.Statement.call(Statement.java:92)
	at fitnesse.slim.Statement.execute(Statement.java:72)
	at fitnesse.slim.ListExecutor.execute(ListExecutor.java:36)
	at fitnesse.slim.SlimServer.executeInstructions(SlimServer.java:93)
	at fitnesse.slim.SlimServer.processTheInstructions(SlimServer.java:78)
	at fitnesse.slim.SlimServer.processOneSetOfInstructions(SlimServer.java:69)
	at fitnesse.slim.SlimServer.tryProcessInstructions(SlimServer.java:55)
	at fitnesse.slim.SlimServer.serve(SlimServer.java:30)
	at fitnesse.socketservice.SocketService$ServerRunner.run(SocketService.java:95)
	at java.lang.Thread.run(Unknown Source)
]]></slimResult>
        
      </instructionResult>
            <instructionResult>
        <instruction><![CDATA[[decisionTable_0_2, call, decisionTable_0, beginTable]]]></instruction>
        <slimResult><![CDATA[__EXCEPTION__:fitnesse.slim.SlimError: message:<<NO_METHOD_IN_CLASS beginTable[0] Division.>>
	at fitnesse.slim.MethodExecutionResult$NoMethod.returnValue(MethodExecutionResult.java:27)
	at fitnesse.slim.StatementExecutor.call(StatementExecutor.java:197)
	at fitnesse.slim.Statement.callMethodAtIndex(Statement.java:99)
	at fitnesse.slim.Statement.call(Statement.java:92)
	at fitnesse.slim.Statement.execute(Statement.java:72)
	at fitnesse.slim.ListExecutor.execute(ListExecutor.java:36)
	at fitnesse.slim.SlimServer.executeInstructions(SlimServer.java:93)
	at fitnesse.slim.SlimServer.processTheInstructions(SlimServer.java:78)
	at fitnesse.slim.SlimServer.processOneSetOfInstructions(SlimServer.java:69)
	at fitnesse.slim.SlimServer.tryProcessInstructions(SlimServer.java:55)
	at fitnesse.slim.SlimServer.serve(SlimServer.java:30)
	at fitnesse.socketservice.SocketService$ServerRunner.run(SocketService.java:95)
	at java.lang.Thread.run(Unknown Source)
]]></slimResult>
        
      </instructionResult>
            <instructionResult>
        <instruction><![CDATA[[decisionTable_0_3, call, decisionTable_0, reset]]]></instruction>
        <slimResult><![CDATA[__EXCEPTION__:fitnesse.slim.SlimError: message:<<NO_METHOD_IN_CLASS reset[0] Division.>>
	at fitnesse.slim.MethodExecutionResult$NoMethod.returnValue(MethodExecutionResult.java:27)
	at fitnesse.slim.StatementExecutor.call(StatementExecutor.java:197)
	at fitnesse.slim.Statement.callMethodAtIndex(Statement.java:99)
	at fitnesse.slim.Statement.call(Statement.java:92)
	at fitnesse.slim.Statement.execute(Statement.java:72)
	at fitnesse.slim.ListExecutor.execute(ListExecutor.java:36)
	at fitnesse.slim.SlimServer.executeInstructions(SlimServer.java:93)
	at fitnesse.slim.SlimServer.processTheInstructions(SlimServer.java:78)
	at fitnesse.slim.SlimServer.processOneSetOfInstructions(SlimServer.java:69)
	at fitnesse.slim.SlimServer.tryProcessInstructions(SlimServer.java:55)
	at fitnesse.slim.SlimServer.serve(SlimServer.java:30)
	at fitnesse.socketservice.SocketService$ServerRunner.run(SocketService.java:95)
	at java.lang.Thread.run(Unknown Source)
]]></slimResult>
        
      </instructionResult>
            <instructionResult>
        <instruction><![CDATA[[decisionTable_0_4, call, decisionTable_0, setNumerator, 10]]]></instruction>
        <slimResult><![CDATA[/__VOID__/]]></slimResult>
                <expectation>
          <status>ignored</status>
          <instructionId>decisionTable_0_4</instructionId>
          <col>0</col>
          <row>2</row>
          <type>VoidReturnExpectation</type>
                    <actual><![CDATA[/__VOID__/]]></actual>
                              <expected><![CDATA[10]]></expected>
                              <evaluationMessage><![CDATA[10]]></evaluationMessage>
                  </expectation>
        
      </instructionResult>
            <instructionResult>
        <instruction><![CDATA[[decisionTable_0_5, call, decisionTable_0, setDenominator, 2]]]></instruction>
        <slimResult><![CDATA[/__VOID__/]]></slimResult>
                <expectation>
          <status>ignored</status>
          <instructionId>decisionTable_0_5</instructionId>
          <col>1</col>
          <row>2</row>
          <type>VoidReturnExpectation</type>
                    <actual><![CDATA[/__VOID__/]]></actual>
                              <expected><![CDATA[2]]></expected>
                              <evaluationMessage><![CDATA[2]]></evaluationMessage>
                  </expectation>
        
      </instructionResult>
            <instructionResult>
        <instruction><![CDATA[[decisionTable_0_6, call, decisionTable_0, execute]]]></instruction>
        <slimResult><![CDATA[__EXCEPTION__:fitnesse.slim.SlimError: message:<<NO_METHOD_IN_CLASS execute[0] Division.>>
	at fitnesse.slim.MethodExecutionResult$NoMethod.returnValue(MethodExecutionResult.java:27)
	at fitnesse.slim.StatementExecutor.call(StatementExecutor.java:197)
	at fitnesse.slim.Statement.callMethodAtIndex(Statement.java:99)
	at fitnesse.slim.Statement.call(Statement.java:92)
	at fitnesse.slim.Statement.execute(Statement.java:72)
	at fitnesse.slim.ListExecutor.execute(ListExecutor.java:36)
	at fitnesse.slim.SlimServer.executeInstructions(SlimServer.java:93)
	at fitnesse.slim.SlimServer.processTheInstructions(SlimServer.java:78)
	at fitnesse.slim.SlimServer.processOneSetOfInstructions(SlimServer.java:69)
	at fitnesse.slim.SlimServer.tryProcessInstructions(SlimServer.java:55)
	at fitnesse.slim.SlimServer.serve(SlimServer.java:30)
	at fitnesse.socketservice.SocketService$ServerRunner.run(SocketService.java:95)
	at java.lang.Thread.run(Unknown Source)
]]></slimResult>
        
      </instructionResult>
            <instructionResult>
        <instruction><![CDATA[[decisionTable_0_7, call, decisionTable_0, quotient]]]></instruction>
        <slimResult><![CDATA[5.0]]></slimResult>
                <expectation>
          <status>right</status>
          <instructionId>decisionTable_0_7</instructionId>
          <col>2</col>
          <row>2</row>
          <type>ReturnedValueExpectation</type>
                    <actual><![CDATA[5.0]]></actual>
                              <expected><![CDATA[5.0]]></expected>
                              <evaluationMessage><![CDATA[pass(5.0)]]></evaluationMessage>
                  </expectation>
        
      </instructionResult>
            <instructionResult>
        <instruction><![CDATA[[decisionTable_0_8, call, decisionTable_0, reset]]]></instruction>
        <slimResult><![CDATA[__EXCEPTION__:fitnesse.slim.SlimError: message:<<NO_METHOD_IN_CLASS reset[0] Division.>>
	at fitnesse.slim.MethodExecutionResult$NoMethod.returnValue(MethodExecutionResult.java:27)
	at fitnesse.slim.StatementExecutor.call(StatementExecutor.java:197)
	at fitnesse.slim.Statement.callMethodAtIndex(Statement.java:99)
	at fitnesse.slim.Statement.call(Statement.java:92)
	at fitnesse.slim.Statement.execute(Statement.java:72)
	at fitnesse.slim.ListExecutor.execute(ListExecutor.java:36)
	at fitnesse.slim.SlimServer.executeInstructions(SlimServer.java:93)
	at fitnesse.slim.SlimServer.processTheInstructions(SlimServer.java:78)
	at fitnesse.slim.SlimServer.processOneSetOfInstructions(SlimServer.java:69)
	at fitnesse.slim.SlimServer.tryProcessInstructions(SlimServer.java:55)
	at fitnesse.slim.SlimServer.serve(SlimServer.java:30)
	at fitnesse.socketservice.SocketService$ServerRunner.run(SocketService.java:95)
	at java.lang.Thread.run(Unknown Source)
]]></slimResult>
        
      </instructionResult>
            <instructionResult>
        <instruction><![CDATA[[decisionTable_0_9, call, decisionTable_0, setNumerator, 12.6]]]></instruction>
        <slimResult><![CDATA[/__VOID__/]]></slimResult>
                <expectation>
          <status>ignored</status>
          <instructionId>decisionTable_0_9</instructionId>
          <col>0</col>
          <row>3</row>
          <type>VoidReturnExpectation</type>
                    <actual><![CDATA[/__VOID__/]]></actual>
                              <expected><![CDATA[12.6]]></expected>
                              <evaluationMessage><![CDATA[12.6]]></evaluationMessage>
                  </expectation>
        
      </instructionResult>
            <instructionResult>
        <instruction><![CDATA[[decisionTable_0_10, call, decisionTable_0, setDenominator, 3]]]></instruction>
        <slimResult><![CDATA[/__VOID__/]]></slimResult>
                <expectation>
          <status>ignored</status>
          <instructionId>decisionTable_0_10</instructionId>
          <col>1</col>
          <row>3</row>
          <type>VoidReturnExpectation</type>
                    <actual><![CDATA[/__VOID__/]]></actual>
                              <expected><![CDATA[3]]></expected>
                              <evaluationMessage><![CDATA[3]]></evaluationMessage>
                  </expectation>
        
      </instructionResult>
            <instructionResult>
        <instruction><![CDATA[[decisionTable_0_11, call, decisionTable_0, execute]]]></instruction>
        <slimResult><![CDATA[__EXCEPTION__:fitnesse.slim.SlimError: message:<<NO_METHOD_IN_CLASS execute[0] Division.>>
	at fitnesse.slim.MethodExecutionResult$NoMethod.returnValue(MethodExecutionResult.java:27)
	at fitnesse.slim.StatementExecutor.call(StatementExecutor.java:197)
	at fitnesse.slim.Statement.callMethodAtIndex(Statement.java:99)
	at fitnesse.slim.Statement.call(Statement.java:92)
	at fitnesse.slim.Statement.execute(Statement.java:72)
	at fitnesse.slim.ListExecutor.execute(ListExecutor.java:36)
	at fitnesse.slim.SlimServer.executeInstructions(SlimServer.java:93)
	at fitnesse.slim.SlimServer.processTheInstructions(SlimServer.java:78)
	at fitnesse.slim.SlimServer.processOneSetOfInstructions(SlimServer.java:69)
	at fitnesse.slim.SlimServer.tryProcessInstructions(SlimServer.java:55)
	at fitnesse.slim.SlimServer.serve(SlimServer.java:30)
	at fitnesse.socketservice.SocketService$ServerRunner.run(SocketService.java:95)
	at java.lang.Thread.run(Unknown Source)
]]></slimResult>
        
      </instructionResult>
            <instructionResult>
        <instruction><![CDATA[[decisionTable_0_12, call, decisionTable_0, quotient]]]></instruction>
        <slimResult><![CDATA[4.2]]></slimResult>
                <expectation>
          <status>right</status>
          <instructionId>decisionTable_0_12</instructionId>
          <col>2</col>
          <row>3</row>
          <type>ReturnedValueExpectation</type>
                    <actual><![CDATA[4.2]]></actual>
                              <expected><![CDATA[4.2]]></expected>
                              <evaluationMessage><![CDATA[pass(4.2)]]></evaluationMessage>
                  </expectation>
        
      </instructionResult>
            <instructionResult>
        <instruction><![CDATA[[decisionTable_0_13, call, decisionTable_0, reset]]]></instruction>
        <slimResult><![CDATA[__EXCEPTION__:fitnesse.slim.SlimError: message:<<NO_METHOD_IN_CLASS reset[0] Division.>>
	at fitnesse.slim.MethodExecutionResult$NoMethod.returnValue(MethodExecutionResult.java:27)
	at fitnesse.slim.StatementExecutor.call(StatementExecutor.java:197)
	at fitnesse.slim.Statement.callMethodAtIndex(Statement.java:99)
	at fitnesse.slim.Statement.call(Statement.java:92)
	at fitnesse.slim.Statement.execute(Statement.java:72)
	at fitnesse.slim.ListExecutor.execute(ListExecutor.java:36)
	at fitnesse.slim.SlimServer.executeInstructions(SlimServer.java:93)
	at fitnesse.slim.SlimServer.processTheInstructions(SlimServer.java:78)
	at fitnesse.slim.SlimServer.processOneSetOfInstructions(SlimServer.java:69)
	at fitnesse.slim.SlimServer.tryProcessInstructions(SlimServer.java:55)
	at fitnesse.slim.SlimServer.serve(SlimServer.java:30)
	at fitnesse.socketservice.SocketService$ServerRunner.run(SocketService.java:95)
	at java.lang.Thread.run(Unknown Source)
]]></slimResult>
        
      </instructionResult>
            <instructionResult>
        <instruction><![CDATA[[decisionTable_0_14, call, decisionTable_0, setNumerator, 100]]]></instruction>
        <slimResult><![CDATA[/__VOID__/]]></slimResult>
                <expectation>
          <status>ignored</status>
          <instructionId>decisionTable_0_14</instructionId>
          <col>0</col>
          <row>4</row>
          <type>VoidReturnExpectation</type>
                    <actual><![CDATA[/__VOID__/]]></actual>
                              <expected><![CDATA[100]]></expected>
                              <evaluationMessage><![CDATA[100]]></evaluationMessage>
                  </expectation>
        
      </instructionResult>
            <instructionResult>
        <instruction><![CDATA[[decisionTable_0_15, call, decisionTable_0, setDenominator, 4]]]></instruction>
        <slimResult><![CDATA[/__VOID__/]]></slimResult>
                <expectation>
          <status>ignored</status>
          <instructionId>decisionTable_0_15</instructionId>
          <col>1</col>
          <row>4</row>
          <type>VoidReturnExpectation</type>
                    <actual><![CDATA[/__VOID__/]]></actual>
                              <expected><![CDATA[4]]></expected>
                              <evaluationMessage><![CDATA[4]]></evaluationMessage>
                  </expectation>
        
      </instructionResult>
            <instructionResult>
        <instruction><![CDATA[[decisionTable_0_16, call, decisionTable_0, execute]]]></instruction>
        <slimResult><![CDATA[__EXCEPTION__:fitnesse.slim.SlimError: message:<<NO_METHOD_IN_CLASS execute[0] Division.>>
	at fitnesse.slim.MethodExecutionResult$NoMethod.returnValue(MethodExecutionResult.java:27)
	at fitnesse.slim.StatementExecutor.call(StatementExecutor.java:197)
	at fitnesse.slim.Statement.callMethodAtIndex(Statement.java:99)
	at fitnesse.slim.Statement.call(Statement.java:92)
	at fitnesse.slim.Statement.execute(Statement.java:72)
	at fitnesse.slim.ListExecutor.execute(ListExecutor.java:36)
	at fitnesse.slim.SlimServer.executeInstructions(SlimServer.java:93)
	at fitnesse.slim.SlimServer.processTheInstructions(SlimServer.java:78)
	at fitnesse.slim.SlimServer.processOneSetOfInstructions(SlimServer.java:69)
	at fitnesse.slim.SlimServer.tryProcessInstructions(SlimServer.java:55)
	at fitnesse.slim.SlimServer.serve(SlimServer.java:30)
	at fitnesse.socketservice.SocketService$ServerRunner.run(SocketService.java:95)
	at java.lang.Thread.run(Unknown Source)
]]></slimResult>
        
      </instructionResult>
            <instructionResult>
        <instruction><![CDATA[[decisionTable_0_17, call, decisionTable_0, quotient]]]></instruction>
        <slimResult><![CDATA[25.0]]></slimResult>
                <expectation>
          <status>right</status>
          <instructionId>decisionTable_0_17</instructionId>
          <col>2</col>
          <row>4</row>
          <type>ReturnedValueExpectation</type>
                    <actual><![CDATA[25.0]]></actual>
                              <expected><![CDATA[25.0]]></expected>
                              <evaluationMessage><![CDATA[pass(25.0)]]></evaluationMessage>
                  </expectation>
        
      </instructionResult>
            <instructionResult>
        <instruction><![CDATA[[decisionTable_0_18, call, decisionTable_0, endTable]]]></instruction>
        <slimResult><![CDATA[__EXCEPTION__:fitnesse.slim.SlimError: message:<<NO_METHOD_IN_CLASS endTable[0] Division.>>
	at fitnesse.slim.MethodExecutionResult$NoMethod.returnValue(MethodExecutionResult.java:27)
	at fitnesse.slim.StatementExecutor.call(StatementExecutor.java:197)
	at fitnesse.slim.Statement.callMethodAtIndex(Statement.java:99)
	at fitnesse.slim.Statement.call(Statement.java:92)
	at fitnesse.slim.Statement.execute(Statement.java:72)
	at fitnesse.slim.ListExecutor.execute(ListExecutor.java:36)
	at fitnesse.slim.SlimServer.executeInstructions(SlimServer.java:93)
	at fitnesse.slim.SlimServer.processTheInstructions(SlimServer.java:78)
	at fitnesse.slim.SlimServer.processOneSetOfInstructions(SlimServer.java:69)
	at fitnesse.slim.SlimServer.tryProcessInstructions(SlimServer.java:55)
	at fitnesse.slim.SlimServer.serve(SlimServer.java:30)
	at fitnesse.socketservice.SocketService$ServerRunner.run(SocketService.java:95)
	at java.lang.Thread.run(Unknown Source)
]]></slimResult>
        
      </instructionResult>
            <instructionResult>
        <instruction><![CDATA[[decisionTable_1_0, make, decisionTable_1, Shopping]]]></instruction>
        <slimResult><![CDATA[OK]]></slimResult>
                <expectation>
          <status>right</status>
          <instructionId>decisionTable_1_0</instructionId>
          <col>0</col>
          <row>0</row>
          <type>ConstructionExpectation</type>
                    <actual><![CDATA[OK]]></actual>
                              <expected><![CDATA[Shopping]]></expected>
                              <evaluationMessage><![CDATA[pass(Shopping)]]></evaluationMessage>
                  </expectation>
        
      </instructionResult>
            <instructionResult>
        <instruction><![CDATA[[decisionTable_1_1, call, decisionTable_1, table, [[customer, products?], [Andy, [Swans jersey, HD-TV, iPad]], [Jayne, [Shoes, Spa break]]]]]]></instruction>
        <slimResult><![CDATA[__EXCEPTION__:fitnesse.slim.SlimError: message:<<NO_METHOD_IN_CLASS table[1] Shopping.>>
	at fitnesse.slim.MethodExecutionResult$NoMethod.returnValue(MethodExecutionResult.java:27)
	at fitnesse.slim.StatementExecutor.call(StatementExecutor.java:197)
	at fitnesse.slim.Statement.callMethodAtIndex(Statement.java:99)
	at fitnesse.slim.Statement.call(Statement.java:92)
	at fitnesse.slim.Statement.execute(Statement.java:72)
	at fitnesse.slim.ListExecutor.execute(ListExecutor.java:36)
	at fitnesse.slim.SlimServer.executeInstructions(SlimServer.java:93)
	at fitnesse.slim.SlimServer.processTheInstructions(SlimServer.java:78)
	at fitnesse.slim.SlimServer.processOneSetOfInstructions(SlimServer.java:69)
	at fitnesse.slim.SlimServer.tryProcessInstructions(SlimServer.java:55)
	at fitnesse.slim.SlimServer.serve(SlimServer.java:30)
	at fitnesse.socketservice.SocketService$ServerRunner.run(SocketService.java:95)
	at java.lang.Thread.run(Unknown Source)
]]></slimResult>
        
      </instructionResult>
            <instructionResult>
        <instruction><![CDATA[[decisionTable_1_2, call, decisionTable_1, beginTable]]]></instruction>
        <slimResult><![CDATA[__EXCEPTION__:fitnesse.slim.SlimError: message:<<NO_METHOD_IN_CLASS beginTable[0] Shopping.>>
	at fitnesse.slim.MethodExecutionResult$NoMethod.returnValue(MethodExecutionResult.java:27)
	at fitnesse.slim.StatementExecutor.call(StatementExecutor.java:197)
	at fitnesse.slim.Statement.callMethodAtIndex(Statement.java:99)
	at fitnesse.slim.Statement.call(Statement.java:92)
	at fitnesse.slim.Statement.execute(Statement.java:72)
	at fitnesse.slim.ListExecutor.execute(ListExecutor.java:36)
	at fitnesse.slim.SlimServer.executeInstructions(SlimServer.java:93)
	at fitnesse.slim.SlimServer.processTheInstructions(SlimServer.java:78)
	at fitnesse.slim.SlimServer.processOneSetOfInstructions(SlimServer.java:69)
	at fitnesse.slim.SlimServer.tryProcessInstructions(SlimServer.java:55)
	at fitnesse.slim.SlimServer.serve(SlimServer.java:30)
	at fitnesse.socketservice.SocketService$ServerRunner.run(SocketService.java:95)
	at java.lang.Thread.run(Unknown Source)
]]></slimResult>
        
      </instructionResult>
            <instructionResult>
        <instruction><![CDATA[[decisionTable_1_3, call, decisionTable_1, reset]]]></instruction>
        <slimResult><![CDATA[__EXCEPTION__:fitnesse.slim.SlimError: message:<<NO_METHOD_IN_CLASS reset[0] Shopping.>>
	at fitnesse.slim.MethodExecutionResult$NoMethod.returnValue(MethodExecutionResult.java:27)
	at fitnesse.slim.StatementExecutor.call(StatementExecutor.java:197)
	at fitnesse.slim.Statement.callMethodAtIndex(Statement.java:99)
	at fitnesse.slim.Statement.call(Statement.java:92)
	at fitnesse.slim.Statement.execute(Statement.java:72)
	at fitnesse.slim.ListExecutor.execute(ListExecutor.java:36)
	at fitnesse.slim.SlimServer.executeInstructions(SlimServer.java:93)
	at fitnesse.slim.SlimServer.processTheInstructions(SlimServer.java:78)
	at fitnesse.slim.SlimServer.processOneSetOfInstructions(SlimServer.java:69)
	at fitnesse.slim.SlimServer.tryProcessInstructions(SlimServer.java:55)
	at fitnesse.slim.SlimServer.serve(SlimServer.java:30)
	at fitnesse.socketservice.SocketService$ServerRunner.run(SocketService.java:95)
	at java.lang.Thread.run(Unknown Source)
]]></slimResult>
        
      </instructionResult>
            <instructionResult>
        <instruction><![CDATA[[decisionTable_1_4, call, decisionTable_1, setCustomer, Andy]]]></instruction>
        <slimResult><![CDATA[/__VOID__/]]></slimResult>
                <expectation>
          <status>ignored</status>
          <instructionId>decisionTable_1_4</instructionId>
          <col>0</col>
          <row>2</row>
          <type>VoidReturnExpectation</type>
                    <actual><![CDATA[/__VOID__/]]></actual>
                              <expected><![CDATA[Andy]]></expected>
                              <evaluationMessage><![CDATA[Andy]]></evaluationMessage>
                  </expectation>
        
      </instructionResult>
            <instructionResult>
        <instruction><![CDATA[[decisionTable_1_5, call, decisionTable_1, execute]]]></instruction>
        <slimResult><![CDATA[__EXCEPTION__:fitnesse.slim.SlimError: message:<<NO_METHOD_IN_CLASS execute[0] Shopping.>>
	at fitnesse.slim.MethodExecutionResult$NoMethod.returnValue(MethodExecutionResult.java:27)
	at fitnesse.slim.StatementExecutor.call(StatementExecutor.java:197)
	at fitnesse.slim.Statement.callMethodAtIndex(Statement.java:99)
	at fitnesse.slim.Statement.call(Statement.java:92)
	at fitnesse.slim.Statement.execute(Statement.java:72)
	at fitnesse.slim.ListExecutor.execute(ListExecutor.java:36)
	at fitnesse.slim.SlimServer.executeInstructions(SlimServer.java:93)
	at fitnesse.slim.SlimServer.processTheInstructions(SlimServer.java:78)
	at fitnesse.slim.SlimServer.processOneSetOfInstructions(SlimServer.java:69)
	at fitnesse.slim.SlimServer.tryProcessInstructions(SlimServer.java:55)
	at fitnesse.slim.SlimServer.serve(SlimServer.java:30)
	at fitnesse.socketservice.SocketService$ServerRunner.run(SocketService.java:95)
	at java.lang.Thread.run(Unknown Source)
]]></slimResult>
        
      </instructionResult>
            <instructionResult>
        <instruction><![CDATA[[decisionTable_1_6, call, decisionTable_1, products]]]></instruction>
        <slimResult><![CDATA[[Swans jersey, HD-TV, iPad]]]></slimResult>
                <expectation>
          <status>right</status>
          <instructionId>decisionTable_1_6</instructionId>
          <col>1</col>
          <row>2</row>
          <type>ReturnedValueExpectation</type>
                    <actual><![CDATA[[Swans jersey, HD-TV, iPad]]]></actual>
                              <expected><![CDATA[[Swans jersey, HD-TV, iPad]]]></expected>
                              <evaluationMessage><![CDATA[pass([Swans jersey, HD-TV, iPad])]]></evaluationMessage>
                  </expectation>
        
      </instructionResult>
            <instructionResult>
        <instruction><![CDATA[[decisionTable_1_7, call, decisionTable_1, reset]]]></instruction>
        <slimResult><![CDATA[__EXCEPTION__:fitnesse.slim.SlimError: message:<<NO_METHOD_IN_CLASS reset[0] Shopping.>>
	at fitnesse.slim.MethodExecutionResult$NoMethod.returnValue(MethodExecutionResult.java:27)
	at fitnesse.slim.StatementExecutor.call(StatementExecutor.java:197)
	at fitnesse.slim.Statement.callMethodAtIndex(Statement.java:99)
	at fitnesse.slim.Statement.call(Statement.java:92)
	at fitnesse.slim.Statement.execute(Statement.java:72)
	at fitnesse.slim.ListExecutor.execute(ListExecutor.java:36)
	at fitnesse.slim.SlimServer.executeInstructions(SlimServer.java:93)
	at fitnesse.slim.SlimServer.processTheInstructions(SlimServer.java:78)
	at fitnesse.slim.SlimServer.processOneSetOfInstructions(SlimServer.java:69)
	at fitnesse.slim.SlimServer.tryProcessInstructions(SlimServer.java:55)
	at fitnesse.slim.SlimServer.serve(SlimServer.java:30)
	at fitnesse.socketservice.SocketService$ServerRunner.run(SocketService.java:95)
	at java.lang.Thread.run(Unknown Source)
]]></slimResult>
        
      </instructionResult>
            <instructionResult>
        <instruction><![CDATA[[decisionTable_1_8, call, decisionTable_1, setCustomer, Jayne]]]></instruction>
        <slimResult><![CDATA[/__VOID__/]]></slimResult>
                <expectation>
          <status>ignored</status>
          <instructionId>decisionTable_1_8</instructionId>
          <col>0</col>
          <row>3</row>
          <type>VoidReturnExpectation</type>
                    <actual><![CDATA[/__VOID__/]]></actual>
                              <expected><![CDATA[Jayne]]></expected>
                              <evaluationMessage><![CDATA[Jayne]]></evaluationMessage>
                  </expectation>
        
      </instructionResult>
            <instructionResult>
        <instruction><![CDATA[[decisionTable_1_9, call, decisionTable_1, execute]]]></instruction>
        <slimResult><![CDATA[__EXCEPTION__:fitnesse.slim.SlimError: message:<<NO_METHOD_IN_CLASS execute[0] Shopping.>>
	at fitnesse.slim.MethodExecutionResult$NoMethod.returnValue(MethodExecutionResult.java:27)
	at fitnesse.slim.StatementExecutor.call(StatementExecutor.java:197)
	at fitnesse.slim.Statement.callMethodAtIndex(Statement.java:99)
	at fitnesse.slim.Statement.call(Statement.java:92)
	at fitnesse.slim.Statement.execute(Statement.java:72)
	at fitnesse.slim.ListExecutor.execute(ListExecutor.java:36)
	at fitnesse.slim.SlimServer.executeInstructions(SlimServer.java:93)
	at fitnesse.slim.SlimServer.processTheInstructions(SlimServer.java:78)
	at fitnesse.slim.SlimServer.processOneSetOfInstructions(SlimServer.java:69)
	at fitnesse.slim.SlimServer.tryProcessInstructions(SlimServer.java:55)
	at fitnesse.slim.SlimServer.serve(SlimServer.java:30)
	at fitnesse.socketservice.SocketService$ServerRunner.run(SocketService.java:95)
	at java.lang.Thread.run(Unknown Source)
]]></slimResult>
        
      </instructionResult>
            <instructionResult>
        <instruction><![CDATA[[decisionTable_1_10, call, decisionTable_1, products]]]></instruction>
        <slimResult><![CDATA[[Shoes, Spa break]]]></slimResult>
                <expectation>
          <status>right</status>
          <instructionId>decisionTable_1_10</instructionId>
          <col>1</col>
          <row>3</row>
          <type>ReturnedValueExpectation</type>
                    <actual><![CDATA[[Shoes, Spa break]]]></actual>
                              <expected><![CDATA[[Shoes, Spa break]]]></expected>
                              <evaluationMessage><![CDATA[pass([Shoes, Spa break])]]></evaluationMessage>
                  </expectation>
        
      </instructionResult>
            <instructionResult>
        <instruction><![CDATA[[decisionTable_1_11, call, decisionTable_1, endTable]]]></instruction>
        <slimResult><![CDATA[__EXCEPTION__:fitnesse.slim.SlimError: message:<<NO_METHOD_IN_CLASS endTable[0] Shopping.>>
	at fitnesse.slim.MethodExecutionResult$NoMethod.returnValue(MethodExecutionResult.java:27)
	at fitnesse.slim.StatementExecutor.call(StatementExecutor.java:197)
	at fitnesse.slim.Statement.callMethodAtIndex(Statement.java:99)
	at fitnesse.slim.Statement.call(Statement.java:92)
	at fitnesse.slim.Statement.execute(Statement.java:72)
	at fitnesse.slim.ListExecutor.execute(ListExecutor.java:36)
	at fitnesse.slim.SlimServer.executeInstructions(SlimServer.java:93)
	at fitnesse.slim.SlimServer.processTheInstructions(SlimServer.java:78)
	at fitnesse.slim.SlimServer.processOneSetOfInstructions(SlimServer.java:69)
	at fitnesse.slim.SlimServer.tryProcessInstructions(SlimServer.java:55)
	at fitnesse.slim.SlimServer.serve(SlimServer.java:30)
	at fitnesse.socketservice.SocketService$ServerRunner.run(SocketService.java:95)
	at java.lang.Thread.run(Unknown Source)
]]></slimResult>
        
      </instructionResult>
            <instructionResult>
        <instruction><![CDATA[[decisionTable_2_0, make, decisionTable_2, Shopping]]]></instruction>
        <slimResult><![CDATA[OK]]></slimResult>
                <expectation>
          <status>right</status>
          <instructionId>decisionTable_2_0</instructionId>
          <col>0</col>
          <row>0</row>
          <type>ConstructionExpectation</type>
                    <actual><![CDATA[OK]]></actual>
                              <expected><![CDATA[Shopping]]></expected>
                              <evaluationMessage><![CDATA[pass(Shopping)]]></evaluationMessage>
                  </expectation>
        
      </instructionResult>
            <instructionResult>
        <instruction><![CDATA[[decisionTable_2_1, call, decisionTable_2, table, [[customerDetails, productsForCustomerDetails?], [<br/><table border="1" cellspacing="0">
	<tr>
		<td>name</td>
		<td>Emily</td>
	</tr>
	<tr>
		<td>id</td>
		<td>1</td>
	</tr>
</table>, [T-shirt, Brush]], [<br/><table border="1" cellspacing="0">
	<tr>
		<td>name</td>
		<td>Tom</td>
	</tr>
	<tr>
		<td>id</td>
		<td>2</td>
	</tr>
</table>, [Disco lights, water pump]]]]]]></instruction>
        <slimResult><![CDATA[__EXCEPTION__:fitnesse.slim.SlimError: message:<<NO_METHOD_IN_CLASS table[1] Shopping.>>
	at fitnesse.slim.MethodExecutionResult$NoMethod.returnValue(MethodExecutionResult.java:27)
	at fitnesse.slim.StatementExecutor.call(StatementExecutor.java:197)
	at fitnesse.slim.Statement.callMethodAtIndex(Statement.java:99)
	at fitnesse.slim.Statement.call(Statement.java:92)
	at fitnesse.slim.Statement.execute(Statement.java:72)
	at fitnesse.slim.ListExecutor.execute(ListExecutor.java:36)
	at fitnesse.slim.SlimServer.executeInstructions(SlimServer.java:93)
	at fitnesse.slim.SlimServer.processTheInstructions(SlimServer.java:78)
	at fitnesse.slim.SlimServer.processOneSetOfInstructions(SlimServer.java:69)
	at fitnesse.slim.SlimServer.tryProcessInstructions(SlimServer.java:55)
	at fitnesse.slim.SlimServer.serve(SlimServer.java:30)
	at fitnesse.socketservice.SocketService$ServerRunner.run(SocketService.java:95)
	at java.lang.Thread.run(Unknown Source)
]]></slimResult>
        
      </instructionResult>
            <instructionResult>
        <instruction><![CDATA[[decisionTable_2_2, call, decisionTable_2, beginTable]]]></instruction>
        <slimResult><![CDATA[__EXCEPTION__:fitnesse.slim.SlimError: message:<<NO_METHOD_IN_CLASS beginTable[0] Shopping.>>
	at fitnesse.slim.MethodExecutionResult$NoMethod.returnValue(MethodExecutionResult.java:27)
	at fitnesse.slim.StatementExecutor.call(StatementExecutor.java:197)
	at fitnesse.slim.Statement.callMethodAtIndex(Statement.java:99)
	at fitnesse.slim.Statement.call(Statement.java:92)
	at fitnesse.slim.Statement.execute(Statement.java:72)
	at fitnesse.slim.ListExecutor.execute(ListExecutor.java:36)
	at fitnesse.slim.SlimServer.executeInstructions(SlimServer.java:93)
	at fitnesse.slim.SlimServer.processTheInstructions(SlimServer.java:78)
	at fitnesse.slim.SlimServer.processOneSetOfInstructions(SlimServer.java:69)
	at fitnesse.slim.SlimServer.tryProcessInstructions(SlimServer.java:55)
	at fitnesse.slim.SlimServer.serve(SlimServer.java:30)
	at fitnesse.socketservice.SocketService$ServerRunner.run(SocketService.java:95)
	at java.lang.Thread.run(Unknown Source)
]]></slimResult>
        
      </instructionResult>
            <instructionResult>
        <instruction><![CDATA[[decisionTable_2_3, call, decisionTable_2, reset]]]></instruction>
        <slimResult><![CDATA[__EXCEPTION__:fitnesse.slim.SlimError: message:<<NO_METHOD_IN_CLASS reset[0] Shopping.>>
	at fitnesse.slim.MethodExecutionResult$NoMethod.returnValue(MethodExecutionResult.java:27)
	at fitnesse.slim.StatementExecutor.call(StatementExecutor.java:197)
	at fitnesse.slim.Statement.callMethodAtIndex(Statement.java:99)
	at fitnesse.slim.Statement.call(Statement.java:92)
	at fitnesse.slim.Statement.execute(Statement.java:72)
	at fitnesse.slim.ListExecutor.execute(ListExecutor.java:36)
	at fitnesse.slim.SlimServer.executeInstructions(SlimServer.java:93)
	at fitnesse.slim.SlimServer.processTheInstructions(SlimServer.java:78)
	at fitnesse.slim.SlimServer.processOneSetOfInstructions(SlimServer.java:69)
	at fitnesse.slim.SlimServer.tryProcessInstructions(SlimServer.java:55)
	at fitnesse.slim.SlimServer.serve(SlimServer.java:30)
	at fitnesse.socketservice.SocketService$ServerRunner.run(SocketService.java:95)
	at java.lang.Thread.run(Unknown Source)
]]></slimResult>
        
      </instructionResult>
            <instructionResult>
        <instruction><![CDATA[[decisionTable_2_4, call, decisionTable_2, setCustomerDetails, <br/><table border="1" cellspacing="0">
	<tr>
		<td>name</td>
		<td>Emily</td>
	</tr>
	<tr>
		<td>id</td>
		<td>1</td>
	</tr>
</table>]]]></instruction>
        <slimResult><![CDATA[!error:No converter for CustomerDetails.]]></slimResult>
                <expectation>
          <status>ignored</status>
          <instructionId>decisionTable_2_4</instructionId>
          <col>0</col>
          <row>2</row>
          <type>VoidReturnExpectation</type>
                    <actual><![CDATA[!error:No converter for CustomerDetails.]]></actual>
                              <expected><![CDATA[<br/><table border="1" cellspacing="0">
	<tr>
		<td>name</td>
		<td>Emily</td>
	</tr>
	<tr>
		<td>id</td>
		<td>1</td>
	</tr>
</table>]]></expected>
                              <evaluationMessage><![CDATA[<br/><table border="1" cellspacing="0">
	<tr>
		<td>name</td>
		<td>Emily</td>
	</tr>
	<tr>
		<td>id</td>
		<td>1</td>
	</tr>
</table> error(No converter for CustomerDetails.)]]></evaluationMessage>
                  </expectation>
        
      </instructionResult>
            <instructionResult>
        <instruction><![CDATA[[decisionTable_2_5, call, decisionTable_2, execute]]]></instruction>
        <slimResult><![CDATA[__EXCEPTION__:fitnesse.slim.SlimError: message:<<NO_METHOD_IN_CLASS execute[0] Shopping.>>
	at fitnesse.slim.MethodExecutionResult$NoMethod.returnValue(MethodExecutionResult.java:27)
	at fitnesse.slim.StatementExecutor.call(StatementExecutor.java:197)
	at fitnesse.slim.Statement.callMethodAtIndex(Statement.java:99)
	at fitnesse.slim.Statement.call(Statement.java:92)
	at fitnesse.slim.Statement.execute(Statement.java:72)
	at fitnesse.slim.ListExecutor.execute(ListExecutor.java:36)
	at fitnesse.slim.SlimServer.executeInstructions(SlimServer.java:93)
	at fitnesse.slim.SlimServer.processTheInstructions(SlimServer.java:78)
	at fitnesse.slim.SlimServer.processOneSetOfInstructions(SlimServer.java:69)
	at fitnesse.slim.SlimServer.tryProcessInstructions(SlimServer.java:55)
	at fitnesse.slim.SlimServer.serve(SlimServer.java:30)
	at fitnesse.socketservice.SocketService$ServerRunner.run(SocketService.java:95)
	at java.lang.Thread.run(Unknown Source)
]]></slimResult>
        
      </instructionResult>
            <instructionResult>
        <instruction><![CDATA[[decisionTable_2_6, call, decisionTable_2, productsForCustomerDetails]]]></instruction>
        <slimResult><![CDATA[[Swans jersey, HD-TV, iPad]]]></slimResult>
                <expectation>
          <status>wrong</status>
          <instructionId>decisionTable_2_6</instructionId>
          <col>1</col>
          <row>2</row>
          <type>ReturnedValueExpectation</type>
                    <actual><![CDATA[[Swans jersey, HD-TV, iPad]]]></actual>
                              <expected><![CDATA[[T-shirt, Brush]]]></expected>
                              <evaluationMessage><![CDATA[[[Swans jersey, HD-TV, iPad]] fail(expected [[T-shirt, Brush]])]]></evaluationMessage>
                  </expectation>
        
      </instructionResult>
            <instructionResult>
        <instruction><![CDATA[[decisionTable_2_7, call, decisionTable_2, reset]]]></instruction>
        <slimResult><![CDATA[__EXCEPTION__:fitnesse.slim.SlimError: message:<<NO_METHOD_IN_CLASS reset[0] Shopping.>>
	at fitnesse.slim.MethodExecutionResult$NoMethod.returnValue(MethodExecutionResult.java:27)
	at fitnesse.slim.StatementExecutor.call(StatementExecutor.java:197)
	at fitnesse.slim.Statement.callMethodAtIndex(Statement.java:99)
	at fitnesse.slim.Statement.call(Statement.java:92)
	at fitnesse.slim.Statement.execute(Statement.java:72)
	at fitnesse.slim.ListExecutor.execute(ListExecutor.java:36)
	at fitnesse.slim.SlimServer.executeInstructions(SlimServer.java:93)
	at fitnesse.slim.SlimServer.processTheInstructions(SlimServer.java:78)
	at fitnesse.slim.SlimServer.processOneSetOfInstructions(SlimServer.java:69)
	at fitnesse.slim.SlimServer.tryProcessInstructions(SlimServer.java:55)
	at fitnesse.slim.SlimServer.serve(SlimServer.java:30)
	at fitnesse.socketservice.SocketService$ServerRunner.run(SocketService.java:95)
	at java.lang.Thread.run(Unknown Source)
]]></slimResult>
        
      </instructionResult>
            <instructionResult>
        <instruction><![CDATA[[decisionTable_2_8, call, decisionTable_2, setCustomerDetails, <br/><table border="1" cellspacing="0">
	<tr>
		<td>name</td>
		<td>Tom</td>
	</tr>
	<tr>
		<td>id</td>
		<td>2</td>
	</tr>
</table>]]]></instruction>
        <slimResult><![CDATA[!error:No converter for CustomerDetails.]]></slimResult>
                <expectation>
          <status>ignored</status>
          <instructionId>decisionTable_2_8</instructionId>
          <col>0</col>
          <row>3</row>
          <type>VoidReturnExpectation</type>
                    <actual><![CDATA[!error:No converter for CustomerDetails.]]></actual>
                              <expected><![CDATA[<br/><table border="1" cellspacing="0">
	<tr>
		<td>name</td>
		<td>Tom</td>
	</tr>
	<tr>
		<td>id</td>
		<td>2</td>
	</tr>
</table>]]></expected>
                              <evaluationMessage><![CDATA[<br/><table border="1" cellspacing="0">
	<tr>
		<td>name</td>
		<td>Tom</td>
	</tr>
	<tr>
		<td>id</td>
		<td>2</td>
	</tr>
</table> error(No converter for CustomerDetails.)]]></evaluationMessage>
                  </expectation>
        
      </instructionResult>
            <instructionResult>
        <instruction><![CDATA[[decisionTable_2_9, call, decisionTable_2, execute]]]></instruction>
        <slimResult><![CDATA[__EXCEPTION__:fitnesse.slim.SlimError: message:<<NO_METHOD_IN_CLASS execute[0] Shopping.>>
	at fitnesse.slim.MethodExecutionResult$NoMethod.returnValue(MethodExecutionResult.java:27)
	at fitnesse.slim.StatementExecutor.call(StatementExecutor.java:197)
	at fitnesse.slim.Statement.callMethodAtIndex(Statement.java:99)
	at fitnesse.slim.Statement.call(Statement.java:92)
	at fitnesse.slim.Statement.execute(Statement.java:72)
	at fitnesse.slim.ListExecutor.execute(ListExecutor.java:36)
	at fitnesse.slim.SlimServer.executeInstructions(SlimServer.java:93)
	at fitnesse.slim.SlimServer.processTheInstructions(SlimServer.java:78)
	at fitnesse.slim.SlimServer.processOneSetOfInstructions(SlimServer.java:69)
	at fitnesse.slim.SlimServer.tryProcessInstructions(SlimServer.java:55)
	at fitnesse.slim.SlimServer.serve(SlimServer.java:30)
	at fitnesse.socketservice.SocketService$ServerRunner.run(SocketService.java:95)
	at java.lang.Thread.run(Unknown Source)
]]></slimResult>
        
      </instructionResult>
            <instructionResult>
        <instruction><![CDATA[[decisionTable_2_10, call, decisionTable_2, productsForCustomerDetails]]]></instruction>
        <slimResult><![CDATA[[Swans jersey, HD-TV, iPad]]]></slimResult>
                <expectation>
          <status>wrong</status>
          <instructionId>decisionTable_2_10</instructionId>
          <col>1</col>
          <row>3</row>
          <type>ReturnedValueExpectation</type>
                    <actual><![CDATA[[Swans jersey, HD-TV, iPad]]]></actual>
                              <expected><![CDATA[[Disco lights, water pump]]]></expected>
                              <evaluationMessage><![CDATA[[[Swans jersey, HD-TV, iPad]] fail(expected [[Disco lights, water pump]])]]></evaluationMessage>
                  </expectation>
        
      </instructionResult>
            <instructionResult>
        <instruction><![CDATA[[decisionTable_2_11, call, decisionTable_2, endTable]]]></instruction>
        <slimResult><![CDATA[__EXCEPTION__:fitnesse.slim.SlimError: message:<<NO_METHOD_IN_CLASS endTable[0] Shopping.>>
	at fitnesse.slim.MethodExecutionResult$NoMethod.returnValue(MethodExecutionResult.java:27)
	at fitnesse.slim.StatementExecutor.call(StatementExecutor.java:197)
	at fitnesse.slim.Statement.callMethodAtIndex(Statement.java:99)
	at fitnesse.slim.Statement.call(Statement.java:92)
	at fitnesse.slim.Statement.execute(Statement.java:72)
	at fitnesse.slim.ListExecutor.execute(ListExecutor.java:36)
	at fitnesse.slim.SlimServer.executeInstructions(SlimServer.java:93)
	at fitnesse.slim.SlimServer.processTheInstructions(SlimServer.java:78)
	at fitnesse.slim.SlimServer.processOneSetOfInstructions(SlimServer.java:69)
	at fitnesse.slim.SlimServer.tryProcessInstructions(SlimServer.java:55)
	at fitnesse.slim.SlimServer.serve(SlimServer.java:30)
	at fitnesse.socketservice.SocketService$ServerRunner.run(SocketService.java:95)
	at java.lang.Thread.run(Unknown Source)
]]></slimResult>
        
      </instructionResult>
      
    </instructions>
    
  </result>
  
    <finalCounts>
    <right>0</right>
    <wrong>0</wrong>
    <ignores>0</ignores>
    <exceptions>0</exceptions>
  </finalCounts>
  <totalRunTimeInMillis>0</totalRunTimeInMillis>
  
</testResults>

