<?xml version="1.0"?>
<testResults>
  <FitNesseVersion>v20110104</FitNesseVersion>
  <rootPath>MyTestCase</rootPath>
    <result>
    <counts>
      <right>3</right>
      <wrong>0</wrong>
      <ignores>0</ignores>
      <exceptions>8</exceptions>
    </counts>
    <runTimeInMillis>38</runTimeInMillis>
    <content><![CDATA[<div class="collapse_rim">
	<div style="float: right;" class="meta">
		<a href="javascript:expandAll();">Expand All</a>
 | 
		<a href="javascript:collapseAll();">Collapse All</a>
	</div>
	<a href="javascript:toggleCollapsable('17');">
		<img src="/files/images/collapsableClosed.gif" class="left" id="img17"/>
	</a>
&nbsp;
	<span class="meta">Precompiled Libraries</span>
	<div class="hidden" id="17"><br/></div>
</div>
<span class="meta">variable defined: TEST_SYSTEM=slim</span>
<br/> <br/><span class="meta">classpath: C:\TestDrivenDevelopment\DemoFitNesse</span><br/><br/><table border="1" cellspacing="0" _TABLENUMBER=3286598344989598533>
	<tr>
		<td colspan="3"><span class="pass">Division</span></td>
	</tr>
	<tr>
		<td>numerator</td>
		<td>denominator</td>
		<td>quotient?</td>
	</tr>
	<tr>
		<td>10</td>
		<td>2</td>
		<td><span class="pass">5.0</span></td>
	</tr>
	<tr>
		<td>12.6</td>
		<td>3</td>
		<td><span class="pass">4.2</span></td>
	</tr>
	<tr>
		<td>100</td>
		<td>4</td>
		<td><span class="pass">25.0</span></td>
	</tr>
</table>
<br/><div id="test_exceptions1"><H3> <span class="fail">Exceptions</span></H3><br/><a name="decisionTable_1_10"/><b></b><div class="collapse_rim"><div style="float: right;" class="meta"><a href="javascript:expandAll();">Expand All</a> | <a href="javascript:collapseAll();">Collapse All</a></div><a href="javascript:toggleCollapsable('-4159086353627108900');"><img src="/files/images/collapsableClosed.gif" class="left" id="img-4159086353627108900"/></a>&nbsp;<span class="meta">decisionTable_1_10 </span>

	<div class="hidden" id="-4159086353627108900"><pre>__EXCEPTION__:java.lang.NullPointerException
	at Shopping.products(Shopping.java:14)
	at sun.reflect.NativeMethodAccessorImpl.invoke0(Native Method)
	at sun.reflect.NativeMethodAccessorImpl.invoke(Unknown Source)
	at sun.reflect.DelegatingMethodAccessorImpl.invoke(Unknown Source)
	at java.lang.reflect.Method.invoke(Unknown Source)
	at fitnesse.slim.MethodExecutor.callMethod(MethodExecutor.java:43)
	at fitnesse.slim.MethodExecutor.invokeMethod(MethodExecutor.java:30)
	at fitnesse.slim.MethodExecutor.findAndInvoke(MethodExecutor.java:53)
	at fitnesse.slim.FixtureMethodExecutor.execute(FixtureMethodExecutor.java:18)
	at fitnesse.slim.StatementExecutor.getMethodExecutionResult(StatementExecutor.java:207)
	at fitnesse.slim.StatementExecutor.call(StatementExecutor.java:197)
	at fitnesse.slim.Statement.callMethodAtIndex(Statement.java:99)
	at fitnesse.slim.Statement.call(Statement.java:92)
	at fitnesse.slim.Statement.execute(Statement.java:72)
	at fitnesse.slim.ListExecutor.execute(ListExecutor.java:36)
	at fitnesse.slim.SlimServer.executeInstructions(SlimServer.java:93)
	at fitnesse.slim.SlimServer.processTheInstructions(SlimServer.java:78)
	at fitnesse.slim.SlimServer.processOneSetOfInstructions(SlimServer.java:69)
	at fitnesse.slim.SlimServer.tryProcessInstructions(SlimServer.java:55)
	at fitnesse.slim.SlimServer.serve(SlimServer.java:30)
	at fitnesse.socketservice.SocketService$ServerRunner.run(SocketService.java:95)
	at java.lang.Thread.run(Unknown Source)
</pre></div>
</div><a name="decisionTable_1_6"/><b></b><div class="collapse_rim"><div style="float: right;" class="meta"><a href="javascript:expandAll();">Expand All</a> | <a href="javascript:collapseAll();">Collapse All</a></div><a href="javascript:toggleCollapsable('-5496733421135604541');"><img src="/files/images/collapsableClosed.gif" class="left" id="img-5496733421135604541"/></a>&nbsp;<span class="meta">decisionTable_1_6 </span>

	<div class="hidden" id="-5496733421135604541"><pre>__EXCEPTION__:java.lang.NullPointerException
	at Shopping.products(Shopping.java:14)
	at sun.reflect.NativeMethodAccessorImpl.invoke0(Native Method)
	at sun.reflect.NativeMethodAccessorImpl.invoke(Unknown Source)
	at sun.reflect.DelegatingMethodAccessorImpl.invoke(Unknown Source)
	at java.lang.reflect.Method.invoke(Unknown Source)
	at fitnesse.slim.MethodExecutor.callMethod(MethodExecutor.java:43)
	at fitnesse.slim.MethodExecutor.invokeMethod(MethodExecutor.java:30)
	at fitnesse.slim.MethodExecutor.findAndInvoke(MethodExecutor.java:53)
	at fitnesse.slim.FixtureMethodExecutor.execute(FixtureMethodExecutor.java:18)
	at fitnesse.slim.StatementExecutor.getMethodExecutionResult(StatementExecutor.java:207)
	at fitnesse.slim.StatementExecutor.call(StatementExecutor.java:197)
	at fitnesse.slim.Statement.callMethodAtIndex(Statement.java:99)
	at fitnesse.slim.Statement.call(Statement.java:92)
	at fitnesse.slim.Statement.execute(Statement.java:72)
	at fitnesse.slim.ListExecutor.execute(ListExecutor.java:36)
	at fitnesse.slim.SlimServer.executeInstructions(SlimServer.java:93)
	at fitnesse.slim.SlimServer.processTheInstructions(SlimServer.java:78)
	at fitnesse.slim.SlimServer.processOneSetOfInstructions(SlimServer.java:69)
	at fitnesse.slim.SlimServer.tryProcessInstructions(SlimServer.java:55)
	at fitnesse.slim.SlimServer.serve(SlimServer.java:30)
	at fitnesse.socketservice.SocketService$ServerRunner.run(SocketService.java:95)
	at java.lang.Thread.run(Unknown Source)
</pre></div>
</div></div><hr/><table border="1" cellspacing="0" _TABLENUMBER=7419789771519646221>
	<tr>
		<td colspan="2"><span class="pass">Shopping</span></td>
	</tr>
	<tr>
		<td>customer</td>
		<td>products?</td>
	</tr>
	<tr>
		<td>fred <span class="error">Method setCustomer[1] not found in Shopping.</span></td>
		<td><span class="error">Exception: <a href=#decisionTable_1_6>decisionTable_1_6</a></span></td>
	</tr>
	<tr>
		<td>john <span class="error">Method setCustomer[1] not found in Shopping.</span></td>
		<td><span class="error">Exception: <a href=#decisionTable_1_10>decisionTable_1_10</a></span></td>
	</tr>
</table>
]]></content>
    <relativePageName>MyTestCase</relativePageName>
    
        <tables>
            <table>
        <name>decisionTable_0</name>
                <row>
                    <col><![CDATA[pass(Division)]]></col>
          
        </row>
                <row>
                    <col><![CDATA[numerator]]></col>
                    <col><![CDATA[denominator]]></col>
                    <col><![CDATA[quotient?]]></col>
          
        </row>
                <row>
                    <col><![CDATA[10]]></col>
                    <col><![CDATA[2]]></col>
                    <col><![CDATA[pass(5.0)]]></col>
          
        </row>
                <row>
                    <col><![CDATA[12.6]]></col>
                    <col><![CDATA[3]]></col>
                    <col><![CDATA[pass(4.2)]]></col>
          
        </row>
                <row>
                    <col><![CDATA[100]]></col>
                    <col><![CDATA[4]]></col>
                    <col><![CDATA[pass(25.0)]]></col>
          
        </row>
        
      </table>
            <table>
        <name>decisionTable_1</name>
                <row>
                    <col><![CDATA[pass(Shopping)]]></col>
          
        </row>
                <row>
                    <col><![CDATA[customer]]></col>
                    <col><![CDATA[products?]]></col>
          
        </row>
                <row>
                    <col><![CDATA[fred error(Method setCustomer[1] not found in Shopping.)]]></col>
                    <col><![CDATA[error(Exception: <a href=#decisionTable_1_6>decisionTable_1_6</a>)]]></col>
          
        </row>
                <row>
                    <col><![CDATA[john error(Method setCustomer[1] not found in Shopping.)]]></col>
                    <col><![CDATA[error(Exception: <a href=#decisionTable_1_10>decisionTable_1_10</a>)]]></col>
          
        </row>
        
      </table>
      
    </tables>
    
    
    <instructions>
            <instructionResult>
        <instruction><![CDATA[[decisionTable_0_0, make, decisionTable_0, Division]]]></instruction>
        <slimResult><![CDATA[OK]]></slimResult>
                <expectation>
          <status>right</status>
          <instructionId>decisionTable_0_0</instructionId>
          <col>0</col>
          <row>0</row>
          <type>ConstructionExpectation</type>
                    <actual><![CDATA[OK]]></actual>
                              <expected><![CDATA[Division]]></expected>
                              <evaluationMessage><![CDATA[pass(Division)]]></evaluationMessage>
                  </expectation>
        
      </instructionResult>
            <instructionResult>
        <instruction><![CDATA[[decisionTable_0_1, call, decisionTable_0, table, [[numerator, denominator, quotient?], [10, 2, 5.0], [12.6, 3, 4.2], [100, 4, 25.0]]]]]></instruction>
        <slimResult><![CDATA[__EXCEPTION__:fitnesse.slim.SlimError: message:<<NO_METHOD_IN_CLASS table[1] Division.>>
	at fitnesse.slim.MethodExecutionResult$NoMethod.returnValue(MethodExecutionResult.java:27)
	at fitnesse.slim.StatementExecutor.call(StatementExecutor.java:197)
	at fitnesse.slim.Statement.callMethodAtIndex(Statement.java:99)
	at fitnesse.slim.Statement.call(Statement.java:92)
	at fitnesse.slim.Statement.execute(Statement.java:72)
	at fitnesse.slim.ListExecutor.execute(ListExecutor.java:36)
	at fitnesse.slim.SlimServer.executeInstructions(SlimServer.java:93)
	at fitnesse.slim.SlimServer.processTheInstructions(SlimServer.java:78)
	at fitnesse.slim.SlimServer.processOneSetOfInstructions(SlimServer.java:69)
	at fitnesse.slim.SlimServer.tryProcessInstructions(SlimServer.java:55)
	at fitnesse.slim.SlimServer.serve(SlimServer.java:30)
	at fitnesse.socketservice.SocketService$ServerRunner.run(SocketService.java:95)
	at java.lang.Thread.run(Unknown Source)
]]></slimResult>
        
      </instructionResult>
            <instructionResult>
        <instruction><![CDATA[[decisionTable_0_2, call, decisionTable_0, beginTable]]]></instruction>
        <slimResult><![CDATA[__EXCEPTION__:fitnesse.slim.SlimError: message:<<NO_METHOD_IN_CLASS beginTable[0] Division.>>
	at fitnesse.slim.MethodExecutionResult$NoMethod.returnValue(MethodExecutionResult.java:27)
	at fitnesse.slim.StatementExecutor.call(StatementExecutor.java:197)
	at fitnesse.slim.Statement.callMethodAtIndex(Statement.java:99)
	at fitnesse.slim.Statement.call(Statement.java:92)
	at fitnesse.slim.Statement.execute(Statement.java:72)
	at fitnesse.slim.ListExecutor.execute(ListExecutor.java:36)
	at fitnesse.slim.SlimServer.executeInstructions(SlimServer.java:93)
	at fitnesse.slim.SlimServer.processTheInstructions(SlimServer.java:78)
	at fitnesse.slim.SlimServer.processOneSetOfInstructions(SlimServer.java:69)
	at fitnesse.slim.SlimServer.tryProcessInstructions(SlimServer.java:55)
	at fitnesse.slim.SlimServer.serve(SlimServer.java:30)
	at fitnesse.socketservice.SocketService$ServerRunner.run(SocketService.java:95)
	at java.lang.Thread.run(Unknown Source)
]]></slimResult>
        
      </instructionResult>
            <instructionResult>
        <instruction><![CDATA[[decisionTable_0_3, call, decisionTable_0, reset]]]></instruction>
        <slimResult><![CDATA[__EXCEPTION__:fitnesse.slim.SlimError: message:<<NO_METHOD_IN_CLASS reset[0] Division.>>
	at fitnesse.slim.MethodExecutionResult$NoMethod.returnValue(MethodExecutionResult.java:27)
	at fitnesse.slim.StatementExecutor.call(StatementExecutor.java:197)
	at fitnesse.slim.Statement.callMethodAtIndex(Statement.java:99)
	at fitnesse.slim.Statement.call(Statement.java:92)
	at fitnesse.slim.Statement.execute(Statement.java:72)
	at fitnesse.slim.ListExecutor.execute(ListExecutor.java:36)
	at fitnesse.slim.SlimServer.executeInstructions(SlimServer.java:93)
	at fitnesse.slim.SlimServer.processTheInstructions(SlimServer.java:78)
	at fitnesse.slim.SlimServer.processOneSetOfInstructions(SlimServer.java:69)
	at fitnesse.slim.SlimServer.tryProcessInstructions(SlimServer.java:55)
	at fitnesse.slim.SlimServer.serve(SlimServer.java:30)
	at fitnesse.socketservice.SocketService$ServerRunner.run(SocketService.java:95)
	at java.lang.Thread.run(Unknown Source)
]]></slimResult>
        
      </instructionResult>
            <instructionResult>
        <instruction><![CDATA[[decisionTable_0_4, call, decisionTable_0, setNumerator, 10]]]></instruction>
        <slimResult><![CDATA[/__VOID__/]]></slimResult>
                <expectation>
          <status>ignored</status>
          <instructionId>decisionTable_0_4</instructionId>
          <col>0</col>
          <row>2</row>
          <type>VoidReturnExpectation</type>
                    <actual><![CDATA[/__VOID__/]]></actual>
                              <expected><![CDATA[10]]></expected>
                              <evaluationMessage><![CDATA[10]]></evaluationMessage>
                  </expectation>
        
      </instructionResult>
            <instructionResult>
        <instruction><![CDATA[[decisionTable_0_5, call, decisionTable_0, setDenominator, 2]]]></instruction>
        <slimResult><![CDATA[/__VOID__/]]></slimResult>
                <expectation>
          <status>ignored</status>
          <instructionId>decisionTable_0_5</instructionId>
          <col>1</col>
          <row>2</row>
          <type>VoidReturnExpectation</type>
                    <actual><![CDATA[/__VOID__/]]></actual>
                              <expected><![CDATA[2]]></expected>
                              <evaluationMessage><![CDATA[2]]></evaluationMessage>
                  </expectation>
        
      </instructionResult>
            <instructionResult>
        <instruction><![CDATA[[decisionTable_0_6, call, decisionTable_0, execute]]]></instruction>
        <slimResult><![CDATA[__EXCEPTION__:fitnesse.slim.SlimError: message:<<NO_METHOD_IN_CLASS execute[0] Division.>>
	at fitnesse.slim.MethodExecutionResult$NoMethod.returnValue(MethodExecutionResult.java:27)
	at fitnesse.slim.StatementExecutor.call(StatementExecutor.java:197)
	at fitnesse.slim.Statement.callMethodAtIndex(Statement.java:99)
	at fitnesse.slim.Statement.call(Statement.java:92)
	at fitnesse.slim.Statement.execute(Statement.java:72)
	at fitnesse.slim.ListExecutor.execute(ListExecutor.java:36)
	at fitnesse.slim.SlimServer.executeInstructions(SlimServer.java:93)
	at fitnesse.slim.SlimServer.processTheInstructions(SlimServer.java:78)
	at fitnesse.slim.SlimServer.processOneSetOfInstructions(SlimServer.java:69)
	at fitnesse.slim.SlimServer.tryProcessInstructions(SlimServer.java:55)
	at fitnesse.slim.SlimServer.serve(SlimServer.java:30)
	at fitnesse.socketservice.SocketService$ServerRunner.run(SocketService.java:95)
	at java.lang.Thread.run(Unknown Source)
]]></slimResult>
        
      </instructionResult>
            <instructionResult>
        <instruction><![CDATA[[decisionTable_0_7, call, decisionTable_0, quotient]]]></instruction>
        <slimResult><![CDATA[5.0]]></slimResult>
                <expectation>
          <status>right</status>
          <instructionId>decisionTable_0_7</instructionId>
          <col>2</col>
          <row>2</row>
          <type>ReturnedValueExpectation</type>
                    <actual><![CDATA[5.0]]></actual>
                              <expected><![CDATA[5.0]]></expected>
                              <evaluationMessage><![CDATA[pass(5.0)]]></evaluationMessage>
                  </expectation>
        
      </instructionResult>
            <instructionResult>
        <instruction><![CDATA[[decisionTable_0_8, call, decisionTable_0, reset]]]></instruction>
        <slimResult><![CDATA[__EXCEPTION__:fitnesse.slim.SlimError: message:<<NO_METHOD_IN_CLASS reset[0] Division.>>
	at fitnesse.slim.MethodExecutionResult$NoMethod.returnValue(MethodExecutionResult.java:27)
	at fitnesse.slim.StatementExecutor.call(StatementExecutor.java:197)
	at fitnesse.slim.Statement.callMethodAtIndex(Statement.java:99)
	at fitnesse.slim.Statement.call(Statement.java:92)
	at fitnesse.slim.Statement.execute(Statement.java:72)
	at fitnesse.slim.ListExecutor.execute(ListExecutor.java:36)
	at fitnesse.slim.SlimServer.executeInstructions(SlimServer.java:93)
	at fitnesse.slim.SlimServer.processTheInstructions(SlimServer.java:78)
	at fitnesse.slim.SlimServer.processOneSetOfInstructions(SlimServer.java:69)
	at fitnesse.slim.SlimServer.tryProcessInstructions(SlimServer.java:55)
	at fitnesse.slim.SlimServer.serve(SlimServer.java:30)
	at fitnesse.socketservice.SocketService$ServerRunner.run(SocketService.java:95)
	at java.lang.Thread.run(Unknown Source)
]]></slimResult>
        
      </instructionResult>
            <instructionResult>
        <instruction><![CDATA[[decisionTable_0_9, call, decisionTable_0, setNumerator, 12.6]]]></instruction>
        <slimResult><![CDATA[/__VOID__/]]></slimResult>
                <expectation>
          <status>ignored</status>
          <instructionId>decisionTable_0_9</instructionId>
          <col>0</col>
          <row>3</row>
          <type>VoidReturnExpectation</type>
                    <actual><![CDATA[/__VOID__/]]></actual>
                              <expected><![CDATA[12.6]]></expected>
                              <evaluationMessage><![CDATA[12.6]]></evaluationMessage>
                  </expectation>
        
      </instructionResult>
            <instructionResult>
        <instruction><![CDATA[[decisionTable_0_10, call, decisionTable_0, setDenominator, 3]]]></instruction>
        <slimResult><![CDATA[/__VOID__/]]></slimResult>
                <expectation>
          <status>ignored</status>
          <instructionId>decisionTable_0_10</instructionId>
          <col>1</col>
          <row>3</row>
          <type>VoidReturnExpectation</type>
                    <actual><![CDATA[/__VOID__/]]></actual>
                              <expected><![CDATA[3]]></expected>
                              <evaluationMessage><![CDATA[3]]></evaluationMessage>
                  </expectation>
        
      </instructionResult>
            <instructionResult>
        <instruction><![CDATA[[decisionTable_0_11, call, decisionTable_0, execute]]]></instruction>
        <slimResult><![CDATA[__EXCEPTION__:fitnesse.slim.SlimError: message:<<NO_METHOD_IN_CLASS execute[0] Division.>>
	at fitnesse.slim.MethodExecutionResult$NoMethod.returnValue(MethodExecutionResult.java:27)
	at fitnesse.slim.StatementExecutor.call(StatementExecutor.java:197)
	at fitnesse.slim.Statement.callMethodAtIndex(Statement.java:99)
	at fitnesse.slim.Statement.call(Statement.java:92)
	at fitnesse.slim.Statement.execute(Statement.java:72)
	at fitnesse.slim.ListExecutor.execute(ListExecutor.java:36)
	at fitnesse.slim.SlimServer.executeInstructions(SlimServer.java:93)
	at fitnesse.slim.SlimServer.processTheInstructions(SlimServer.java:78)
	at fitnesse.slim.SlimServer.processOneSetOfInstructions(SlimServer.java:69)
	at fitnesse.slim.SlimServer.tryProcessInstructions(SlimServer.java:55)
	at fitnesse.slim.SlimServer.serve(SlimServer.java:30)
	at fitnesse.socketservice.SocketService$ServerRunner.run(SocketService.java:95)
	at java.lang.Thread.run(Unknown Source)
]]></slimResult>
        
      </instructionResult>
            <instructionResult>
        <instruction><![CDATA[[decisionTable_0_12, call, decisionTable_0, quotient]]]></instruction>
        <slimResult><![CDATA[4.2]]></slimResult>
                <expectation>
          <status>right</status>
          <instructionId>decisionTable_0_12</instructionId>
          <col>2</col>
          <row>3</row>
          <type>ReturnedValueExpectation</type>
                    <actual><![CDATA[4.2]]></actual>
                              <expected><![CDATA[4.2]]></expected>
                              <evaluationMessage><![CDATA[pass(4.2)]]></evaluationMessage>
                  </expectation>
        
      </instructionResult>
            <instructionResult>
        <instruction><![CDATA[[decisionTable_0_13, call, decisionTable_0, reset]]]></instruction>
        <slimResult><![CDATA[__EXCEPTION__:fitnesse.slim.SlimError: message:<<NO_METHOD_IN_CLASS reset[0] Division.>>
	at fitnesse.slim.MethodExecutionResult$NoMethod.returnValue(MethodExecutionResult.java:27)
	at fitnesse.slim.StatementExecutor.call(StatementExecutor.java:197)
	at fitnesse.slim.Statement.callMethodAtIndex(Statement.java:99)
	at fitnesse.slim.Statement.call(Statement.java:92)
	at fitnesse.slim.Statement.execute(Statement.java:72)
	at fitnesse.slim.ListExecutor.execute(ListExecutor.java:36)
	at fitnesse.slim.SlimServer.executeInstructions(SlimServer.java:93)
	at fitnesse.slim.SlimServer.processTheInstructions(SlimServer.java:78)
	at fitnesse.slim.SlimServer.processOneSetOfInstructions(SlimServer.java:69)
	at fitnesse.slim.SlimServer.tryProcessInstructions(SlimServer.java:55)
	at fitnesse.slim.SlimServer.serve(SlimServer.java:30)
	at fitnesse.socketservice.SocketService$ServerRunner.run(SocketService.java:95)
	at java.lang.Thread.run(Unknown Source)
]]></slimResult>
        
      </instructionResult>
            <instructionResult>
        <instruction><![CDATA[[decisionTable_0_14, call, decisionTable_0, setNumerator, 100]]]></instruction>
        <slimResult><![CDATA[/__VOID__/]]></slimResult>
                <expectation>
          <status>ignored</status>
          <instructionId>decisionTable_0_14</instructionId>
          <col>0</col>
          <row>4</row>
          <type>VoidReturnExpectation</type>
                    <actual><![CDATA[/__VOID__/]]></actual>
                              <expected><![CDATA[100]]></expected>
                              <evaluationMessage><![CDATA[100]]></evaluationMessage>
                  </expectation>
        
      </instructionResult>
            <instructionResult>
        <instruction><![CDATA[[decisionTable_0_15, call, decisionTable_0, setDenominator, 4]]]></instruction>
        <slimResult><![CDATA[/__VOID__/]]></slimResult>
                <expectation>
          <status>ignored</status>
          <instructionId>decisionTable_0_15</instructionId>
          <col>1</col>
          <row>4</row>
          <type>VoidReturnExpectation</type>
                    <actual><![CDATA[/__VOID__/]]></actual>
                              <expected><![CDATA[4]]></expected>
                              <evaluationMessage><![CDATA[4]]></evaluationMessage>
                  </expectation>
        
      </instructionResult>
            <instructionResult>
        <instruction><![CDATA[[decisionTable_0_16, call, decisionTable_0, execute]]]></instruction>
        <slimResult><![CDATA[__EXCEPTION__:fitnesse.slim.SlimError: message:<<NO_METHOD_IN_CLASS execute[0] Division.>>
	at fitnesse.slim.MethodExecutionResult$NoMethod.returnValue(MethodExecutionResult.java:27)
	at fitnesse.slim.StatementExecutor.call(StatementExecutor.java:197)
	at fitnesse.slim.Statement.callMethodAtIndex(Statement.java:99)
	at fitnesse.slim.Statement.call(Statement.java:92)
	at fitnesse.slim.Statement.execute(Statement.java:72)
	at fitnesse.slim.ListExecutor.execute(ListExecutor.java:36)
	at fitnesse.slim.SlimServer.executeInstructions(SlimServer.java:93)
	at fitnesse.slim.SlimServer.processTheInstructions(SlimServer.java:78)
	at fitnesse.slim.SlimServer.processOneSetOfInstructions(SlimServer.java:69)
	at fitnesse.slim.SlimServer.tryProcessInstructions(SlimServer.java:55)
	at fitnesse.slim.SlimServer.serve(SlimServer.java:30)
	at fitnesse.socketservice.SocketService$ServerRunner.run(SocketService.java:95)
	at java.lang.Thread.run(Unknown Source)
]]></slimResult>
        
      </instructionResult>
            <instructionResult>
        <instruction><![CDATA[[decisionTable_0_17, call, decisionTable_0, quotient]]]></instruction>
        <slimResult><![CDATA[25.0]]></slimResult>
                <expectation>
          <status>right</status>
          <instructionId>decisionTable_0_17</instructionId>
          <col>2</col>
          <row>4</row>
          <type>ReturnedValueExpectation</type>
                    <actual><![CDATA[25.0]]></actual>
                              <expected><![CDATA[25.0]]></expected>
                              <evaluationMessage><![CDATA[pass(25.0)]]></evaluationMessage>
                  </expectation>
        
      </instructionResult>
            <instructionResult>
        <instruction><![CDATA[[decisionTable_0_18, call, decisionTable_0, endTable]]]></instruction>
        <slimResult><![CDATA[__EXCEPTION__:fitnesse.slim.SlimError: message:<<NO_METHOD_IN_CLASS endTable[0] Division.>>
	at fitnesse.slim.MethodExecutionResult$NoMethod.returnValue(MethodExecutionResult.java:27)
	at fitnesse.slim.StatementExecutor.call(StatementExecutor.java:197)
	at fitnesse.slim.Statement.callMethodAtIndex(Statement.java:99)
	at fitnesse.slim.Statement.call(Statement.java:92)
	at fitnesse.slim.Statement.execute(Statement.java:72)
	at fitnesse.slim.ListExecutor.execute(ListExecutor.java:36)
	at fitnesse.slim.SlimServer.executeInstructions(SlimServer.java:93)
	at fitnesse.slim.SlimServer.processTheInstructions(SlimServer.java:78)
	at fitnesse.slim.SlimServer.processOneSetOfInstructions(SlimServer.java:69)
	at fitnesse.slim.SlimServer.tryProcessInstructions(SlimServer.java:55)
	at fitnesse.slim.SlimServer.serve(SlimServer.java:30)
	at fitnesse.socketservice.SocketService$ServerRunner.run(SocketService.java:95)
	at java.lang.Thread.run(Unknown Source)
]]></slimResult>
        
      </instructionResult>
            <instructionResult>
        <instruction><![CDATA[[decisionTable_1_0, make, decisionTable_1, Shopping]]]></instruction>
        <slimResult><![CDATA[OK]]></slimResult>
                <expectation>
          <status>right</status>
          <instructionId>decisionTable_1_0</instructionId>
          <col>0</col>
          <row>0</row>
          <type>ConstructionExpectation</type>
                    <actual><![CDATA[OK]]></actual>
                              <expected><![CDATA[Shopping]]></expected>
                              <evaluationMessage><![CDATA[pass(Shopping)]]></evaluationMessage>
                  </expectation>
        
      </instructionResult>
            <instructionResult>
        <instruction><![CDATA[[decisionTable_1_1, call, decisionTable_1, table, [[customer, products?], [fred, A~B~C], [john, D~E~F]]]]]></instruction>
        <slimResult><![CDATA[__EXCEPTION__:fitnesse.slim.SlimError: message:<<NO_METHOD_IN_CLASS table[1] Shopping.>>
	at fitnesse.slim.MethodExecutionResult$NoMethod.returnValue(MethodExecutionResult.java:27)
	at fitnesse.slim.StatementExecutor.call(StatementExecutor.java:197)
	at fitnesse.slim.Statement.callMethodAtIndex(Statement.java:99)
	at fitnesse.slim.Statement.call(Statement.java:92)
	at fitnesse.slim.Statement.execute(Statement.java:72)
	at fitnesse.slim.ListExecutor.execute(ListExecutor.java:36)
	at fitnesse.slim.SlimServer.executeInstructions(SlimServer.java:93)
	at fitnesse.slim.SlimServer.processTheInstructions(SlimServer.java:78)
	at fitnesse.slim.SlimServer.processOneSetOfInstructions(SlimServer.java:69)
	at fitnesse.slim.SlimServer.tryProcessInstructions(SlimServer.java:55)
	at fitnesse.slim.SlimServer.serve(SlimServer.java:30)
	at fitnesse.socketservice.SocketService$ServerRunner.run(SocketService.java:95)
	at java.lang.Thread.run(Unknown Source)
]]></slimResult>
        
      </instructionResult>
            <instructionResult>
        <instruction><![CDATA[[decisionTable_1_2, call, decisionTable_1, beginTable]]]></instruction>
        <slimResult><![CDATA[__EXCEPTION__:fitnesse.slim.SlimError: message:<<NO_METHOD_IN_CLASS beginTable[0] Shopping.>>
	at fitnesse.slim.MethodExecutionResult$NoMethod.returnValue(MethodExecutionResult.java:27)
	at fitnesse.slim.StatementExecutor.call(StatementExecutor.java:197)
	at fitnesse.slim.Statement.callMethodAtIndex(Statement.java:99)
	at fitnesse.slim.Statement.call(Statement.java:92)
	at fitnesse.slim.Statement.execute(Statement.java:72)
	at fitnesse.slim.ListExecutor.execute(ListExecutor.java:36)
	at fitnesse.slim.SlimServer.executeInstructions(SlimServer.java:93)
	at fitnesse.slim.SlimServer.processTheInstructions(SlimServer.java:78)
	at fitnesse.slim.SlimServer.processOneSetOfInstructions(SlimServer.java:69)
	at fitnesse.slim.SlimServer.tryProcessInstructions(SlimServer.java:55)
	at fitnesse.slim.SlimServer.serve(SlimServer.java:30)
	at fitnesse.socketservice.SocketService$ServerRunner.run(SocketService.java:95)
	at java.lang.Thread.run(Unknown Source)
]]></slimResult>
        
      </instructionResult>
            <instructionResult>
        <instruction><![CDATA[[decisionTable_1_3, call, decisionTable_1, reset]]]></instruction>
        <slimResult><![CDATA[__EXCEPTION__:fitnesse.slim.SlimError: message:<<NO_METHOD_IN_CLASS reset[0] Shopping.>>
	at fitnesse.slim.MethodExecutionResult$NoMethod.returnValue(MethodExecutionResult.java:27)
	at fitnesse.slim.StatementExecutor.call(StatementExecutor.java:197)
	at fitnesse.slim.Statement.callMethodAtIndex(Statement.java:99)
	at fitnesse.slim.Statement.call(Statement.java:92)
	at fitnesse.slim.Statement.execute(Statement.java:72)
	at fitnesse.slim.ListExecutor.execute(ListExecutor.java:36)
	at fitnesse.slim.SlimServer.executeInstructions(SlimServer.java:93)
	at fitnesse.slim.SlimServer.processTheInstructions(SlimServer.java:78)
	at fitnesse.slim.SlimServer.processOneSetOfInstructions(SlimServer.java:69)
	at fitnesse.slim.SlimServer.tryProcessInstructions(SlimServer.java:55)
	at fitnesse.slim.SlimServer.serve(SlimServer.java:30)
	at fitnesse.socketservice.SocketService$ServerRunner.run(SocketService.java:95)
	at java.lang.Thread.run(Unknown Source)
]]></slimResult>
        
      </instructionResult>
            <instructionResult>
        <instruction><![CDATA[[decisionTable_1_4, call, decisionTable_1, setCustomer, fred]]]></instruction>
        <slimResult><![CDATA[!error:Method setCustomer[1] not found in Shopping.]]></slimResult>
                <expectation>
          <status>ignored</status>
          <instructionId>decisionTable_1_4</instructionId>
          <col>0</col>
          <row>2</row>
          <type>VoidReturnExpectation</type>
                    <actual><![CDATA[!error:Method setCustomer[1] not found in Shopping.]]></actual>
                              <expected><![CDATA[fred]]></expected>
                              <evaluationMessage><![CDATA[fred error(Method setCustomer[1] not found in Shopping.)]]></evaluationMessage>
                  </expectation>
        
      </instructionResult>
            <instructionResult>
        <instruction><![CDATA[[decisionTable_1_5, call, decisionTable_1, execute]]]></instruction>
        <slimResult><![CDATA[__EXCEPTION__:fitnesse.slim.SlimError: message:<<NO_METHOD_IN_CLASS execute[0] Shopping.>>
	at fitnesse.slim.MethodExecutionResult$NoMethod.returnValue(MethodExecutionResult.java:27)
	at fitnesse.slim.StatementExecutor.call(StatementExecutor.java:197)
	at fitnesse.slim.Statement.callMethodAtIndex(Statement.java:99)
	at fitnesse.slim.Statement.call(Statement.java:92)
	at fitnesse.slim.Statement.execute(Statement.java:72)
	at fitnesse.slim.ListExecutor.execute(ListExecutor.java:36)
	at fitnesse.slim.SlimServer.executeInstructions(SlimServer.java:93)
	at fitnesse.slim.SlimServer.processTheInstructions(SlimServer.java:78)
	at fitnesse.slim.SlimServer.processOneSetOfInstructions(SlimServer.java:69)
	at fitnesse.slim.SlimServer.tryProcessInstructions(SlimServer.java:55)
	at fitnesse.slim.SlimServer.serve(SlimServer.java:30)
	at fitnesse.socketservice.SocketService$ServerRunner.run(SocketService.java:95)
	at java.lang.Thread.run(Unknown Source)
]]></slimResult>
        
      </instructionResult>
            <instructionResult>
        <instruction><![CDATA[[decisionTable_1_6, call, decisionTable_1, products]]]></instruction>
        <slimResult><![CDATA[Exception: <a href=#decisionTable_1_6>decisionTable_1_6</a>]]></slimResult>
                <expectation>
          <status>ignored</status>
          <instructionId>decisionTable_1_6</instructionId>
          <col>1</col>
          <row>2</row>
          <type>ReturnedValueExpectation</type>
                    <actual><![CDATA[Exception: <a href=#decisionTable_1_6>decisionTable_1_6</a>]]></actual>
                              <expected><![CDATA[A~B~C]]></expected>
                              <evaluationMessage><![CDATA[error(Exception: <a href=#decisionTable_1_6>decisionTable_1_6</a>)]]></evaluationMessage>
                  </expectation>
        
      </instructionResult>
            <instructionResult>
        <instruction><![CDATA[[decisionTable_1_7, call, decisionTable_1, reset]]]></instruction>
        <slimResult><![CDATA[__EXCEPTION__:fitnesse.slim.SlimError: message:<<NO_METHOD_IN_CLASS reset[0] Shopping.>>
	at fitnesse.slim.MethodExecutionResult$NoMethod.returnValue(MethodExecutionResult.java:27)
	at fitnesse.slim.StatementExecutor.call(StatementExecutor.java:197)
	at fitnesse.slim.Statement.callMethodAtIndex(Statement.java:99)
	at fitnesse.slim.Statement.call(Statement.java:92)
	at fitnesse.slim.Statement.execute(Statement.java:72)
	at fitnesse.slim.ListExecutor.execute(ListExecutor.java:36)
	at fitnesse.slim.SlimServer.executeInstructions(SlimServer.java:93)
	at fitnesse.slim.SlimServer.processTheInstructions(SlimServer.java:78)
	at fitnesse.slim.SlimServer.processOneSetOfInstructions(SlimServer.java:69)
	at fitnesse.slim.SlimServer.tryProcessInstructions(SlimServer.java:55)
	at fitnesse.slim.SlimServer.serve(SlimServer.java:30)
	at fitnesse.socketservice.SocketService$ServerRunner.run(SocketService.java:95)
	at java.lang.Thread.run(Unknown Source)
]]></slimResult>
        
      </instructionResult>
            <instructionResult>
        <instruction><![CDATA[[decisionTable_1_8, call, decisionTable_1, setCustomer, john]]]></instruction>
        <slimResult><![CDATA[!error:Method setCustomer[1] not found in Shopping.]]></slimResult>
                <expectation>
          <status>ignored</status>
          <instructionId>decisionTable_1_8</instructionId>
          <col>0</col>
          <row>3</row>
          <type>VoidReturnExpectation</type>
                    <actual><![CDATA[!error:Method setCustomer[1] not found in Shopping.]]></actual>
                              <expected><![CDATA[john]]></expected>
                              <evaluationMessage><![CDATA[john error(Method setCustomer[1] not found in Shopping.)]]></evaluationMessage>
                  </expectation>
        
      </instructionResult>
            <instructionResult>
        <instruction><![CDATA[[decisionTable_1_9, call, decisionTable_1, execute]]]></instruction>
        <slimResult><![CDATA[__EXCEPTION__:fitnesse.slim.SlimError: message:<<NO_METHOD_IN_CLASS execute[0] Shopping.>>
	at fitnesse.slim.MethodExecutionResult$NoMethod.returnValue(MethodExecutionResult.java:27)
	at fitnesse.slim.StatementExecutor.call(StatementExecutor.java:197)
	at fitnesse.slim.Statement.callMethodAtIndex(Statement.java:99)
	at fitnesse.slim.Statement.call(Statement.java:92)
	at fitnesse.slim.Statement.execute(Statement.java:72)
	at fitnesse.slim.ListExecutor.execute(ListExecutor.java:36)
	at fitnesse.slim.SlimServer.executeInstructions(SlimServer.java:93)
	at fitnesse.slim.SlimServer.processTheInstructions(SlimServer.java:78)
	at fitnesse.slim.SlimServer.processOneSetOfInstructions(SlimServer.java:69)
	at fitnesse.slim.SlimServer.tryProcessInstructions(SlimServer.java:55)
	at fitnesse.slim.SlimServer.serve(SlimServer.java:30)
	at fitnesse.socketservice.SocketService$ServerRunner.run(SocketService.java:95)
	at java.lang.Thread.run(Unknown Source)
]]></slimResult>
        
      </instructionResult>
            <instructionResult>
        <instruction><![CDATA[[decisionTable_1_10, call, decisionTable_1, products]]]></instruction>
        <slimResult><![CDATA[Exception: <a href=#decisionTable_1_10>decisionTable_1_10</a>]]></slimResult>
                <expectation>
          <status>ignored</status>
          <instructionId>decisionTable_1_10</instructionId>
          <col>1</col>
          <row>3</row>
          <type>ReturnedValueExpectation</type>
                    <actual><![CDATA[Exception: <a href=#decisionTable_1_10>decisionTable_1_10</a>]]></actual>
                              <expected><![CDATA[D~E~F]]></expected>
                              <evaluationMessage><![CDATA[error(Exception: <a href=#decisionTable_1_10>decisionTable_1_10</a>)]]></evaluationMessage>
                  </expectation>
        
      </instructionResult>
            <instructionResult>
        <instruction><![CDATA[[decisionTable_1_11, call, decisionTable_1, endTable]]]></instruction>
        <slimResult><![CDATA[__EXCEPTION__:fitnesse.slim.SlimError: message:<<NO_METHOD_IN_CLASS endTable[0] Shopping.>>
	at fitnesse.slim.MethodExecutionResult$NoMethod.returnValue(MethodExecutionResult.java:27)
	at fitnesse.slim.StatementExecutor.call(StatementExecutor.java:197)
	at fitnesse.slim.Statement.callMethodAtIndex(Statement.java:99)
	at fitnesse.slim.Statement.call(Statement.java:92)
	at fitnesse.slim.Statement.execute(Statement.java:72)
	at fitnesse.slim.ListExecutor.execute(ListExecutor.java:36)
	at fitnesse.slim.SlimServer.executeInstructions(SlimServer.java:93)
	at fitnesse.slim.SlimServer.processTheInstructions(SlimServer.java:78)
	at fitnesse.slim.SlimServer.processOneSetOfInstructions(SlimServer.java:69)
	at fitnesse.slim.SlimServer.tryProcessInstructions(SlimServer.java:55)
	at fitnesse.slim.SlimServer.serve(SlimServer.java:30)
	at fitnesse.socketservice.SocketService$ServerRunner.run(SocketService.java:95)
	at java.lang.Thread.run(Unknown Source)
]]></slimResult>
        
      </instructionResult>
      
    </instructions>
    
  </result>
  
    <finalCounts>
    <right>0</right>
    <wrong>0</wrong>
    <ignores>0</ignores>
    <exceptions>0</exceptions>
  </finalCounts>
  <totalRunTimeInMillis>0</totalRunTimeInMillis>
  
</testResults>

