<?xml version="1.0"?>
<properties>
	<Files/>
	<LastModified>20090326163609</LastModified>
	<Properties/>
	<RecentChanges/>
	<Refactor/>
	<Search/>
	<Suite/>
	<SymbolicLinks>
		<FixtureExample>&lt;UserGuide.FitLibraryUserGuide.SuiteFixtureExample</FixtureExample>
	</SymbolicLinks>
	<Versions/>
	<WhereUsed/>
	<saveId>1238103269017</saveId>
	<symbolicLink>
		<path>.FitNesse.FitLibraryUserGuide.SuiteFixtureExample</path>
		<name>TheTests</name>
	</symbolicLink>
	<ticketId>-7242569881866889589</ticketId>
</properties>
