<?xml version="1.0"?>
<testResults>
  <FitNesseVersion>v20110104</FitNesseVersion>
  <rootPath>UsingCollections</rootPath>
    <result>
    <counts>
      <right>2</right>
      <wrong>0</wrong>
      <ignores>0</ignores>
      <exceptions>0</exceptions>
    </counts>
    <runTimeInMillis>2</runTimeInMillis>
    <content><![CDATA[<div class="collapse_rim">
	<div style="float: right;" class="meta">
		<a href="javascript:expandAll();">Expand All</a>
 | 
		<a href="javascript:collapseAll();">Collapse All</a>
	</div>
	<a href="javascript:toggleCollapsable('46');">
		<img src="/files/images/collapsableClosed.gif" class="left" id="img46"/>
	</a>
&nbsp;
	<span class="meta">Precompiled Libraries</span>
	<div class="hidden" id="46"><br/></div>
</div>
<span class="meta">variable defined: TEST_SYSTEM=slim</span>
<br/> <br/><span class="meta">classpath: C:\TestDrivenDevelopment\DemoFitNesse</span><br/><br/><table border="1" cellspacing="0" _TABLENUMBER=3120114137971575668>
	<tr>
		<td colspan="2"><span class="pass">Shopping</span></td>
	</tr>
	<tr>
		<td>customer</td>
		<td>products?</td>
	</tr>
	<tr>
		<td>Andy</td>
		<td><span class="pass">[Swans jersey, HD-TV, iPad]</span></td>
	</tr>
	<tr>
		<td>Jayne</td>
		<td><span class="pass">[Shoes, Spa break]</span></td>
	</tr>
</table>
]]></content>
    <relativePageName>UsingCollections</relativePageName>
    
        <tables>
            <table>
        <name>decisionTable_0</name>
                <row>
                    <col><![CDATA[pass(Shopping)]]></col>
          
        </row>
                <row>
                    <col><![CDATA[customer]]></col>
                    <col><![CDATA[products?]]></col>
          
        </row>
                <row>
                    <col><![CDATA[Andy]]></col>
                    <col><![CDATA[pass([Swans jersey, HD-TV, iPad])]]></col>
          
        </row>
                <row>
                    <col><![CDATA[Jayne]]></col>
                    <col><![CDATA[pass([Shoes, Spa break])]]></col>
          
        </row>
        
      </table>
      
    </tables>
    
    
    <instructions>
            <instructionResult>
        <instruction><![CDATA[[decisionTable_0_0, make, decisionTable_0, Shopping]]]></instruction>
        <slimResult><![CDATA[OK]]></slimResult>
                <expectation>
          <status>right</status>
          <instructionId>decisionTable_0_0</instructionId>
          <col>0</col>
          <row>0</row>
          <type>ConstructionExpectation</type>
                    <actual><![CDATA[OK]]></actual>
                              <expected><![CDATA[Shopping]]></expected>
                              <evaluationMessage><![CDATA[pass(Shopping)]]></evaluationMessage>
                  </expectation>
        
      </instructionResult>
            <instructionResult>
        <instruction><![CDATA[[decisionTable_0_1, call, decisionTable_0, table, [[customer, products?], [Andy, [Swans jersey, HD-TV, iPad]], [Jayne, [Shoes, Spa break]]]]]]></instruction>
        <slimResult><![CDATA[__EXCEPTION__:fitnesse.slim.SlimError: message:<<NO_METHOD_IN_CLASS table[1] Shopping.>>
	at fitnesse.slim.MethodExecutionResult$NoMethod.returnValue(MethodExecutionResult.java:27)
	at fitnesse.slim.StatementExecutor.call(StatementExecutor.java:197)
	at fitnesse.slim.Statement.callMethodAtIndex(Statement.java:99)
	at fitnesse.slim.Statement.call(Statement.java:92)
	at fitnesse.slim.Statement.execute(Statement.java:72)
	at fitnesse.slim.ListExecutor.execute(ListExecutor.java:36)
	at fitnesse.slim.SlimServer.executeInstructions(SlimServer.java:93)
	at fitnesse.slim.SlimServer.processTheInstructions(SlimServer.java:78)
	at fitnesse.slim.SlimServer.processOneSetOfInstructions(SlimServer.java:69)
	at fitnesse.slim.SlimServer.tryProcessInstructions(SlimServer.java:55)
	at fitnesse.slim.SlimServer.serve(SlimServer.java:30)
	at fitnesse.socketservice.SocketService$ServerRunner.run(SocketService.java:95)
	at java.lang.Thread.run(Unknown Source)
]]></slimResult>
        
      </instructionResult>
            <instructionResult>
        <instruction><![CDATA[[decisionTable_0_2, call, decisionTable_0, beginTable]]]></instruction>
        <slimResult><![CDATA[__EXCEPTION__:fitnesse.slim.SlimError: message:<<NO_METHOD_IN_CLASS beginTable[0] Shopping.>>
	at fitnesse.slim.MethodExecutionResult$NoMethod.returnValue(MethodExecutionResult.java:27)
	at fitnesse.slim.StatementExecutor.call(StatementExecutor.java:197)
	at fitnesse.slim.Statement.callMethodAtIndex(Statement.java:99)
	at fitnesse.slim.Statement.call(Statement.java:92)
	at fitnesse.slim.Statement.execute(Statement.java:72)
	at fitnesse.slim.ListExecutor.execute(ListExecutor.java:36)
	at fitnesse.slim.SlimServer.executeInstructions(SlimServer.java:93)
	at fitnesse.slim.SlimServer.processTheInstructions(SlimServer.java:78)
	at fitnesse.slim.SlimServer.processOneSetOfInstructions(SlimServer.java:69)
	at fitnesse.slim.SlimServer.tryProcessInstructions(SlimServer.java:55)
	at fitnesse.slim.SlimServer.serve(SlimServer.java:30)
	at fitnesse.socketservice.SocketService$ServerRunner.run(SocketService.java:95)
	at java.lang.Thread.run(Unknown Source)
]]></slimResult>
        
      </instructionResult>
            <instructionResult>
        <instruction><![CDATA[[decisionTable_0_3, call, decisionTable_0, reset]]]></instruction>
        <slimResult><![CDATA[__EXCEPTION__:fitnesse.slim.SlimError: message:<<NO_METHOD_IN_CLASS reset[0] Shopping.>>
	at fitnesse.slim.MethodExecutionResult$NoMethod.returnValue(MethodExecutionResult.java:27)
	at fitnesse.slim.StatementExecutor.call(StatementExecutor.java:197)
	at fitnesse.slim.Statement.callMethodAtIndex(Statement.java:99)
	at fitnesse.slim.Statement.call(Statement.java:92)
	at fitnesse.slim.Statement.execute(Statement.java:72)
	at fitnesse.slim.ListExecutor.execute(ListExecutor.java:36)
	at fitnesse.slim.SlimServer.executeInstructions(SlimServer.java:93)
	at fitnesse.slim.SlimServer.processTheInstructions(SlimServer.java:78)
	at fitnesse.slim.SlimServer.processOneSetOfInstructions(SlimServer.java:69)
	at fitnesse.slim.SlimServer.tryProcessInstructions(SlimServer.java:55)
	at fitnesse.slim.SlimServer.serve(SlimServer.java:30)
	at fitnesse.socketservice.SocketService$ServerRunner.run(SocketService.java:95)
	at java.lang.Thread.run(Unknown Source)
]]></slimResult>
        
      </instructionResult>
            <instructionResult>
        <instruction><![CDATA[[decisionTable_0_4, call, decisionTable_0, setCustomer, Andy]]]></instruction>
        <slimResult><![CDATA[/__VOID__/]]></slimResult>
                <expectation>
          <status>ignored</status>
          <instructionId>decisionTable_0_4</instructionId>
          <col>0</col>
          <row>2</row>
          <type>VoidReturnExpectation</type>
                    <actual><![CDATA[/__VOID__/]]></actual>
                              <expected><![CDATA[Andy]]></expected>
                              <evaluationMessage><![CDATA[Andy]]></evaluationMessage>
                  </expectation>
        
      </instructionResult>
            <instructionResult>
        <instruction><![CDATA[[decisionTable_0_5, call, decisionTable_0, execute]]]></instruction>
        <slimResult><![CDATA[__EXCEPTION__:fitnesse.slim.SlimError: message:<<NO_METHOD_IN_CLASS execute[0] Shopping.>>
	at fitnesse.slim.MethodExecutionResult$NoMethod.returnValue(MethodExecutionResult.java:27)
	at fitnesse.slim.StatementExecutor.call(StatementExecutor.java:197)
	at fitnesse.slim.Statement.callMethodAtIndex(Statement.java:99)
	at fitnesse.slim.Statement.call(Statement.java:92)
	at fitnesse.slim.Statement.execute(Statement.java:72)
	at fitnesse.slim.ListExecutor.execute(ListExecutor.java:36)
	at fitnesse.slim.SlimServer.executeInstructions(SlimServer.java:93)
	at fitnesse.slim.SlimServer.processTheInstructions(SlimServer.java:78)
	at fitnesse.slim.SlimServer.processOneSetOfInstructions(SlimServer.java:69)
	at fitnesse.slim.SlimServer.tryProcessInstructions(SlimServer.java:55)
	at fitnesse.slim.SlimServer.serve(SlimServer.java:30)
	at fitnesse.socketservice.SocketService$ServerRunner.run(SocketService.java:95)
	at java.lang.Thread.run(Unknown Source)
]]></slimResult>
        
      </instructionResult>
            <instructionResult>
        <instruction><![CDATA[[decisionTable_0_6, call, decisionTable_0, products]]]></instruction>
        <slimResult><![CDATA[[Swans jersey, HD-TV, iPad]]]></slimResult>
                <expectation>
          <status>right</status>
          <instructionId>decisionTable_0_6</instructionId>
          <col>1</col>
          <row>2</row>
          <type>ReturnedValueExpectation</type>
                    <actual><![CDATA[[Swans jersey, HD-TV, iPad]]]></actual>
                              <expected><![CDATA[[Swans jersey, HD-TV, iPad]]]></expected>
                              <evaluationMessage><![CDATA[pass([Swans jersey, HD-TV, iPad])]]></evaluationMessage>
                  </expectation>
        
      </instructionResult>
            <instructionResult>
        <instruction><![CDATA[[decisionTable_0_7, call, decisionTable_0, reset]]]></instruction>
        <slimResult><![CDATA[__EXCEPTION__:fitnesse.slim.SlimError: message:<<NO_METHOD_IN_CLASS reset[0] Shopping.>>
	at fitnesse.slim.MethodExecutionResult$NoMethod.returnValue(MethodExecutionResult.java:27)
	at fitnesse.slim.StatementExecutor.call(StatementExecutor.java:197)
	at fitnesse.slim.Statement.callMethodAtIndex(Statement.java:99)
	at fitnesse.slim.Statement.call(Statement.java:92)
	at fitnesse.slim.Statement.execute(Statement.java:72)
	at fitnesse.slim.ListExecutor.execute(ListExecutor.java:36)
	at fitnesse.slim.SlimServer.executeInstructions(SlimServer.java:93)
	at fitnesse.slim.SlimServer.processTheInstructions(SlimServer.java:78)
	at fitnesse.slim.SlimServer.processOneSetOfInstructions(SlimServer.java:69)
	at fitnesse.slim.SlimServer.tryProcessInstructions(SlimServer.java:55)
	at fitnesse.slim.SlimServer.serve(SlimServer.java:30)
	at fitnesse.socketservice.SocketService$ServerRunner.run(SocketService.java:95)
	at java.lang.Thread.run(Unknown Source)
]]></slimResult>
        
      </instructionResult>
            <instructionResult>
        <instruction><![CDATA[[decisionTable_0_8, call, decisionTable_0, setCustomer, Jayne]]]></instruction>
        <slimResult><![CDATA[/__VOID__/]]></slimResult>
                <expectation>
          <status>ignored</status>
          <instructionId>decisionTable_0_8</instructionId>
          <col>0</col>
          <row>3</row>
          <type>VoidReturnExpectation</type>
                    <actual><![CDATA[/__VOID__/]]></actual>
                              <expected><![CDATA[Jayne]]></expected>
                              <evaluationMessage><![CDATA[Jayne]]></evaluationMessage>
                  </expectation>
        
      </instructionResult>
            <instructionResult>
        <instruction><![CDATA[[decisionTable_0_9, call, decisionTable_0, execute]]]></instruction>
        <slimResult><![CDATA[__EXCEPTION__:fitnesse.slim.SlimError: message:<<NO_METHOD_IN_CLASS execute[0] Shopping.>>
	at fitnesse.slim.MethodExecutionResult$NoMethod.returnValue(MethodExecutionResult.java:27)
	at fitnesse.slim.StatementExecutor.call(StatementExecutor.java:197)
	at fitnesse.slim.Statement.callMethodAtIndex(Statement.java:99)
	at fitnesse.slim.Statement.call(Statement.java:92)
	at fitnesse.slim.Statement.execute(Statement.java:72)
	at fitnesse.slim.ListExecutor.execute(ListExecutor.java:36)
	at fitnesse.slim.SlimServer.executeInstructions(SlimServer.java:93)
	at fitnesse.slim.SlimServer.processTheInstructions(SlimServer.java:78)
	at fitnesse.slim.SlimServer.processOneSetOfInstructions(SlimServer.java:69)
	at fitnesse.slim.SlimServer.tryProcessInstructions(SlimServer.java:55)
	at fitnesse.slim.SlimServer.serve(SlimServer.java:30)
	at fitnesse.socketservice.SocketService$ServerRunner.run(SocketService.java:95)
	at java.lang.Thread.run(Unknown Source)
]]></slimResult>
        
      </instructionResult>
            <instructionResult>
        <instruction><![CDATA[[decisionTable_0_10, call, decisionTable_0, products]]]></instruction>
        <slimResult><![CDATA[[Shoes, Spa break]]]></slimResult>
                <expectation>
          <status>right</status>
          <instructionId>decisionTable_0_10</instructionId>
          <col>1</col>
          <row>3</row>
          <type>ReturnedValueExpectation</type>
                    <actual><![CDATA[[Shoes, Spa break]]]></actual>
                              <expected><![CDATA[[Shoes, Spa break]]]></expected>
                              <evaluationMessage><![CDATA[pass([Shoes, Spa break])]]></evaluationMessage>
                  </expectation>
        
      </instructionResult>
            <instructionResult>
        <instruction><![CDATA[[decisionTable_0_11, call, decisionTable_0, endTable]]]></instruction>
        <slimResult><![CDATA[__EXCEPTION__:fitnesse.slim.SlimError: message:<<NO_METHOD_IN_CLASS endTable[0] Shopping.>>
	at fitnesse.slim.MethodExecutionResult$NoMethod.returnValue(MethodExecutionResult.java:27)
	at fitnesse.slim.StatementExecutor.call(StatementExecutor.java:197)
	at fitnesse.slim.Statement.callMethodAtIndex(Statement.java:99)
	at fitnesse.slim.Statement.call(Statement.java:92)
	at fitnesse.slim.Statement.execute(Statement.java:72)
	at fitnesse.slim.ListExecutor.execute(ListExecutor.java:36)
	at fitnesse.slim.SlimServer.executeInstructions(SlimServer.java:93)
	at fitnesse.slim.SlimServer.processTheInstructions(SlimServer.java:78)
	at fitnesse.slim.SlimServer.processOneSetOfInstructions(SlimServer.java:69)
	at fitnesse.slim.SlimServer.tryProcessInstructions(SlimServer.java:55)
	at fitnesse.slim.SlimServer.serve(SlimServer.java:30)
	at fitnesse.socketservice.SocketService$ServerRunner.run(SocketService.java:95)
	at java.lang.Thread.run(Unknown Source)
]]></slimResult>
        
      </instructionResult>
      
    </instructions>
    
  </result>
  
    <finalCounts>
    <right>0</right>
    <wrong>0</wrong>
    <ignores>0</ignores>
    <exceptions>0</exceptions>
  </finalCounts>
  <totalRunTimeInMillis>0</totalRunTimeInMillis>
  
</testResults>

